Name,Jan 21 2020,Jan 22 2020,Jan 23 2020,Jan 24 2020,Jan 25 2020,Jan 26 2020,Jan 27 2020,Jan 28 2020,Jan 29 2020,Jan 30 2020,Jan 31 2020,Feb 01 2020,Feb 02 2020,Feb 03 2020,Feb 04 2020,Feb 05 2020,Feb 06 2020,Feb 07 2020,Feb 08 2020,Feb 09 2020,Feb 10 2020,Feb 11 2020,Feb 12 2020,Feb 13 2020,Feb 14 2020,Feb 15 2020,Feb 16 2020,Feb 17 2020,Feb 18 2020,Feb 19 2020,Feb 20 2020,Feb 21 2020,Feb 22 2020,Feb 23 2020,Feb 24 2020,Feb 25 2020,Feb 26 2020,Feb 27 2020,Feb 28 2020,Feb 29 2020,Mar 01 2020,Mar 02 2020,Mar 03 2020,Mar 04 2020,Mar 05 2020,Mar 06 2020,Mar 07 2020,Mar 08 2020,Mar 09 2020,Mar 10 2020,Mar 11 2020,Mar 12 2020,Mar 13 2020,Mar 14 2020,Mar 15 2020,Mar 16 2020,Mar 17 2020,Mar 18 2020,Mar 19 2020,Mar 20 2020,Mar 21 2020,Mar 22 2020,Mar 23 2020,Mar 24 2020,Mar 25 2020,Mar 26 2020,Mar 27 2020,Mar 28 2020,Mar 29 2020,Mar 30 2020,Mar 31 2020,Apr 01 2020,Apr 02 2020,Apr 03 2020,Apr 04 2020,Apr 05 2020,Apr 06 2020,Apr 07 2020,Apr 08 2020,Apr 09 2020,Apr 10 2020,Apr 11 2020,Apr 12 2020,Apr 13 2020,Apr 14 2020,Apr 15 2020,Apr 16 2020,Apr 17 2020,Apr 18 2020,Apr 19 2020,Apr 20 2020,Apr 21 2020,Apr 22 2020,Apr 23 2020,Apr 24 2020,Apr 25 2020,Apr 26 2020,Apr 27 2020,Apr 28 2020,Apr 29 2020,Apr 30 2020,May 01 2020,May 02 2020,May 03 2020,May 04 2020,May 05 2020,May 06 2020,May 07 2020,May 08 2020,May 09 2020,May 10 2020,May 11 2020,May 12 2020,May 13 2020,May 14 2020,May 15 2020,May 16 2020,May 17 2020,May 18 2020,May 19 2020,May 20 2020,May 21 2020,May 22 2020,May 23 2020,May 24 2020,May 25 2020,May 26 2020,May 27 2020,May 28 2020,May 29 2020,May 30 2020,May 31 2020,Jun 01 2020,Jun 02 2020,Jun 03 2020,Jun 04 2020,Jun 05 2020,Jun 06 2020,Jun 07 2020,Jun 08 2020,Jun 09 2020,Jun 10 2020,Jun 11 2020,Jun 12 2020,Jun 13 2020,Jun 14 2020,Jun 15 2020,Jun 16 2020,Jun 17 2020,Jun 18 2020,Jun 19 2020,Jun 20 2020,Jun 21 2020,Jun 22 2020,Jun 23 2020,Jun 24 2020,Jun 25 2020,Jun 26 2020,Jun 27 2020,Jun 28 2020,Jun 29 2020,Jun 30 2020,Jul 01 2020,Jul 02 2020,Jul 03 2020,Jul 04 2020,Jul 05 2020,Jul 06 2020,Jul 07 2020,Jul 08 2020,Jul 09 2020,Jul 10 2020,Jul 11 2020,Jul 12 2020,Jul 13 2020,Jul 14 2020,Jul 15 2020,Jul 16 2020,Jul 17 2020,Jul 18 2020,Jul 19 2020,Jul 20 2020,Jul 21 2020,Jul 22 2020,Jul 23 2020,Jul 24 2020,Jul 25 2020,Jul 26 2020,Jul 27 2020,Jul 28 2020,Jul 29 2020,Jul 30 2020,Jul 31 2020,Aug 01 2020,Aug 02 2020,Aug 03 2020,Aug 04 2020,Aug 05 2020,Aug 06 2020,Aug 07 2020,Aug 08 2020,Aug 09 2020,Aug 10 2020,Aug 11 2020,Aug 12 2020,Aug 13 2020,Aug 14 2020,Aug 15 2020,Aug 16 2020,Aug 17 2020,Aug 18 2020,Aug 19 2020,Aug 20 2020,Aug 21 2020,Aug 22 2020,Aug 23 2020,Aug 24 2020,Aug 25 2020,Aug 26 2020,Aug 27 2020,Aug 28 2020,Aug 29 2020,Aug 30 2020,Aug 31 2020,Sep 01 2020,Sep 02 2020,Sep 03 2020,Sep 04 2020,Sep 05 2020,Sep 06 2020,Sep 07 2020,Sep 08 2020,Sep 09 2020,Sep 10 2020,Sep 11 2020,Sep 12 2020,Sep 13 2020,Sep 14 2020,Sep 15 2020,Sep 16 2020,Sep 17 2020,Sep 18 2020,Sep 19 2020,Sep 20 2020,Sep 21 2020,Sep 22 2020,Sep 23 2020,Sep 24 2020,Sep 25 2020,Sep 26 2020,Sep 27 2020,Sep 28 2020,Sep 29 2020,Sep 30 2020,Oct 01 2020,Oct 02 2020,Oct 03 2020,Oct 04 2020,Oct 05 2020,Oct 06 2020,Oct 07 2020,Oct 08 2020,Oct 09 2020,Oct 10 2020,Oct 11 2020,Oct 12 2020,Oct 13 2020,Oct 14 2020,Oct 15 2020,Oct 16 2020,Oct 17 2020,Oct 18 2020,Oct 19 2020,Oct 20 2020,Oct 21 2020,Oct 22 2020,Oct 23 2020,Oct 24 2020,Oct 25 2020,Oct 26 2020,Oct 27 2020,Oct 28 2020,Oct 29 2020,Oct 30 2020,Oct 31 2020,Nov 01 2020,Nov 02 2020,Nov 03 2020,Nov 04 2020,Nov 05 2020,Nov 06 2020,Nov 07 2020,Nov 08 2020,Nov 09 2020,Nov 10 2020,Nov 11 2020,Nov 12 2020,Nov 13 2020,Nov 14 2020,Nov 15 2020,Nov 16 2020,Nov 17 2020,Nov 18 2020,Nov 19 2020,Nov 20 2020,Nov 21 2020,Nov 22 2020,Nov 23 2020,Nov 24 2020,Nov 25 2020,Nov 26 2020,Nov 27 2020,Nov 28 2020,Nov 29 2020,Nov 30 2020,Dec 01 2020,Dec 02 2020,Dec 03 2020,Dec 04 2020,Dec 05 2020,Dec 06 2020,Dec 07 2020,Dec 08 2020,Dec 09 2020,Dec 10 2020,Dec 11 2020,Dec 12 2020,Dec 13 2020,Dec 14 2020,Dec 15 2020,Dec 16 2020,Dec 17 2020,Dec 18 2020,Dec 19 2020,Dec 20 2020,Dec 21 2020,Dec 22 2020,Dec 23 2020,Dec 24 2020,Dec 25 2020,Dec 26 2020,Dec 27 2020,Dec 28 2020,Dec 29 2020,Dec 30 2020,Dec 31 2020,Jan 01 2021,Jan 02 2021,Jan 03 2021,Jan 04 2021,Jan 05 2021,Jan 06 2021,Jan 07 2021,Jan 08 2021,Jan 09 2021,Jan 10 2021,Jan 11 2021,Jan 12 2021,Jan 13 2021,Jan 14 2021,Jan 15 2021,Jan 16 2021
Alabama,0,0,0,0,0,0,0,0,0,0,0,0,0,0,0,0,0,0,0,0,0,0,0,0,0,0,0,0,0,0,0,0,0,0,0,0,0,0,0,0,0,0,0,0,0,0,0,0,0,0,0,0,0,0,0,0,0,0,0,0,0,0,0,0,0,0,0,0,1,2,3,4,4,5,5,6,7,5,6,6,7,6,7,7,8,8,10,7,9,8,10,11,8,8,9,8,9,8,8,10,11,10,10,10,10,11,13,13,14,14,15,17,15,14,14,13,13,12,9,10,8,8,9,9,11,10,8,8,9,9,11,11,10,10,8,9,10,8,10,10,13,14,13,12,11,8,8,6,7,7,9,9,9,11,14,12,12,11,11,12,12,11,12,14,12,12,11,11,12,11,14,15,16,16,18,21,23,23,24,23,23,19,21,23,24,24,26,28,26,24,24,20,21,22,20,25,22,21,22,21,20,23,25,26,25,22,20,18,18,12,8,12,14,16,16,14,14,14,14,15,20,21,22,23,24,22,22,17,16,13,11,9,9,9,10,10,11,15,15,14,13,12,12,12,10,13,15,9,9,9,8,8,7,6,8,8,8,8,9,8,12,14,15,15,15,12,15,17,19,17,17,17,20,17,12,10,11,11,11,12,11,10,10,14,15,0,436,435,437,438,436,440,440,15,19,27,26,26,23,23,23,25,20,29,31,30,29,30,24,26,21,17,16,17,17,23,25,29,37,43,44,44,43,39,36,36,32,30,30,26,30,31,30,41,41,41,46,55,60,54,42,43,46,40,26,21,27,26,26,23,21,31,36,45,61,65,67,98,109,123,119,0
Alaska,0,0,0,0,0,0,0,0,0,0,0,0,0,0,0,0,0,0,0,0,0,0,0,0,0,0,0,0,0,0,0,0,0,0,0,0,0,0,0,0,0,0,0,0,0,0,0,0,0,0,0,0,0,0,0,0,0,0,0,0,0,0,0,0,0,0,0,0,0,0,0,0,0,0,0,0,0,0,0,0,0,0,0,0,0,0,0,0,0,0,0,0,0,0,0,0,0,0,0,0,0,0,0,0,0,0,0,0,0,0,0,0,0,0,0,0,0,0,0,0,0,0,0,0,0,0,0,0,0,0,0,0,0,0,0,0,0,0,0,0,0,0,0,0,0,0,0,0,0,0,0,0,0,0,0,0,0,0,0,0,0,0,0,0,0,0,0,0,0,0,0,0,0,0,0,0,0,0,0,0,0,0,0,0,0,0,0,0,0,0,0,0,0,0,0,0,0,0,0,0,0,0,0,0,0,0,0,0,0,0,0,0,0,0,0,0,0,1,1,0,0,0,0,0,0,0,0,0,0,0,0,0,0,0,0,0,0,0,0,0,0,0,0,0,0,0,0,0,0,1,1,1,1,1,0,0,0,0,0,0,0,0,0,0,0,0,0,0,0,1,1,1,1,0,0,0,0,0,0,0,0,1,1,1,2,0,13,12,12,11,11,11,11,0,1,1,1,1,1,1,1,1,0,0,0,0,0,0,2,2,2,2,2,2,2,0,0,1,3,3,3,3,3,3,3,2,4,4,4,4,4,4,3,1,1,1,2,2,2,2,2,2,2,1,0,1,1,2,2,2,2,2,2,2,1,1,0,1,0,0,0,0
Arizona,0,0,0,0,0,0,0,0,0,0,0,0,0,0,0,0,0,0,0,0,0,0,0,0,0,0,0,0,0,0,0,0,0,0,0,0,0,0,0,0,0,0,0,0,0,0,0,0,0,0,0,0,0,0,0,0,0,0,0,0,0,0,0,0,1,2,2,2,2,2,3,3,3,5,6,6,7,7,7,8,8,7,7,7,8,9,11,9,10,9,11,13,15,13,13,12,12,12,10,9,8,11,12,12,14,16,18,26,25,24,25,23,24,24,19,21,20,20,20,21,19,17,17,17,17,14,12,13,15,14,15,16,19,21,20,18,20,20,19,18,16,18,20,20,20,21,22,21,22,23,22,22,21,24,30,29,30,33,34,34,35,37,38,37,34,33,33,41,35,40,41,48,58,59,58,67,65,72,82,75,77,82,76,80,79,79,77,75,72,70,80,77,66,65,66,60,66,53,55,55,54,53,50,59,54,48,51,51,50,47,42,43,38,37,38,38,37,36,34,40,35,36,36,36,24,28,27,28,26,26,24,26,20,16,15,14,14,17,17,19,23,22,22,22,22,21,21,19,21,20,20,18,18,16,15,11,11,11,11,11,9,7,7,7,7,7,5,6,8,9,9,10,10,11,10,8,6,6,6,7,7,8,9,15,15,0,867,871,874,876,873,878,880,26,25,24,21,20,21,19,19,17,19,20,24,22,23,23,27,23,26,23,23,24,25,25,32,38,42,45,45,44,41,46,48,52,57,58,58,63,68,76,81,88,87,87,100,89,84,84,66,65,71,73,77,82,86,91,90,85,101,105,126,136,146,154,154,169,174,158,155,0
Arkansas,0,0,0,0,0,0,0,0,0,0,0,0,0,0,0,0,0,0,0,0,0,0,0,0,0,0,0,0,0,0,0,0,0,0,0,0,0,0,0,0,0,0,0,0,0,0,0,0,0,0,0,0,0,0,0,0,0,0,0,0,0,0,0,0,0,0,0,0,1,0,1,1,1,1,1,1,1,1,1,1,1,1,2,2,2,2,1,1,1,1,1,1,1,1,1,1,1,2,2,2,2,3,3,4,3,4,3,3,2,2,2,1,1,1,1,1,1,0,1,1,1,2,2,2,2,2,1,2,2,2,2,2,2,3,3,2,3,3,3,3,3,2,3,3,3,3,3,4,5,5,6,6,6,7,6,4,5,5,5,5,4,5,5,4,3,3,3,4,4,4,4,4,4,4,4,4,4,5,5,5,5,6,6,6,5,6,6,6,7,7,8,8,8,9,9,8,10,10,9,11,11,11,10,9,9,9,9,7,6,7,8,8,10,10,12,13,13,14,14,13,14,13,14,14,15,17,16,15,15,15,14,12,11,11,12,12,12,33,32,32,31,30,28,29,8,10,11,13,14,18,18,20,20,19,17,17,16,16,17,16,17,19,20,20,19,20,21,20,19,18,19,18,16,16,18,16,16,15,17,18,17,17,16,18,20,0,298,298,298,299,298,295,297,17,15,14,15,13,13,14,16,19,21,21,24,25,24,23,22,21,19,16,16,16,16,15,13,17,21,24,27,30,34,37,37,41,41,40,39,37,41,41,37,40,41,43,46,43,42,42,35,35,34,37,37,38,39,41,38,37,33,37,35,36,40,42,40,40,40,43,42,0
California,0,0,0,0,0,0,0,0,0,0,0,0,0,0,0,0,0,0,0,0,0,0,0,0,0,0,0,0,0,0,0,0,0,0,0,0,0,0,0,0,0,0,0,0,0,0,0,0,0,0,0,0,0,0,1,1,1,2,2,3,4,4,5,7,9,11,13,13,15,18,20,23,25,28,31,34,37,42,43,44,44,46,48,47,54,60,65,73,71,71,76,77,82,81,78,77,82,81,76,72,75,74,74,71,71,73,72,71,74,76,74,73,76,68,77,74,74,71,74,71,83,71,73,71,69,62,63,59,64,63,64,68,71,65,63,58,58,58,56,59,63,65,62,61,62,63,61,59,59,62,62,61,63,62,63,64,63,58,60,59,63,62,64,63,61,61,67,68,77,80,88,97,96,90,94,94,95,95,97,95,96,93,95,100,102,104,105,111,119,120,117,128,133,135,136,140,140,143,139,133,138,137,136,134,140,135,132,125,124,124,125,115,119,129,129,130,126,123,127,121,109,112,110,105,111,114,115,114,113,106,99,94,85,88,89,93,99,109,103,101,92,98,90,87,86,85,83,88,80,84,81,83,83,85,77,76,77,76,65,65,62,61,63,61,59,57,56,59,57,53,56,56,59,62,61,59,57,54,58,58,50,43,44,45,44,0,2556,2554,2560,2558,2564,2566,2567,47,46,41,39,39,41,41,38,41,51,59,61,65,65,66,73,73,67,64,60,60,63,64,65,80,98,106,112,120,130,146,150,151,154,158,163,177,202,217,234,241,241,254,253,250,255,209,224,221,221,242,251,288,324,331,336,352,361,378,369,427,451,480,483,517,516,526,531,0
Colorado,0,0,0,0,0,0,0,0,0,0,0,0,0,0,0,0,0,0,0,0,0,0,0,0,0,0,0,0,0,0,0,0,0,0,0,0,0,0,0,0,0,0,0,0,0,0,0,0,0,0,0,0,0,0,0,0,0,0,0,0,0,1,1,2,2,3,5,5,5,8,8,10,11,11,13,14,15,16,18,20,21,21,22,21,23,21,19,19,18,20,22,24,26,40,37,36,36,35,34,31,20,22,23,20,23,22,23,20,19,18,19,15,20,21,27,32,35,34,35,33,31,24,19,16,15,13,13,16,16,16,16,17,17,14,12,12,12,11,12,11,11,10,10,10,10,8,9,8,7,6,7,6,6,6,5,4,4,3,4,4,3,4,4,4,4,3,3,2,1,0,3,3,3,3,4,5,5,4,4,3,4,3,3,6,5,6,6,5,6,7,5,7,7,7,7,6,4,4,3,2,2,2,3,3,4,4,5,4,5,4,3,3,3,3,4,3,3,3,4,4,3,2,3,3,3,3,4,4,5,4,3,3,3,2,2,2,2,3,3,4,4,4,4,4,4,4,3,3,3,3,3,3,3,3,3,3,4,4,5,5,6,6,7,8,8,12,12,11,11,11,9,9,4,4,5,5,6,6,6,7,8,10,9,9,9,0,338,338,340,341,343,345,345,16,18,16,18,19,19,21,23,22,26,31,30,33,33,30,34,37,34,35,31,30,34,38,42,51,53,57,58,58,53,63,65,69,71,77,78,89,74,67,66,69,62,59,47,48,49,44,36,34,38,42,41,38,43,46,48,44,42,36,40,38,40,40,40,38,39,31,30,0
Connecticut,0,0,0,0,0,0,0,0,0,0,0,0,0,0,0,0,0,0,0,0,0,0,0,0,0,0,0,0,0,0,0,0,0,0,0,0,0,0,0,0,0,0,0,0,0,0,0,0,0,0,0,0,0,0,0,0,0,0,0,0,1,1,1,2,2,3,4,3,3,8,9,13,15,18,22,24,29,35,38,45,47,52,56,56,76,84,84,84,81,104,107,96,95,104,110,114,97,95,89,88,82,82,73,77,77,78,77,76,70,75,64,58,58,60,58,58,63,63,61,57,51,50,48,40,41,42,39,34,33,33,35,31,29,26,25,24,20,18,17,17,18,19,17,18,18,17,16,14,11,11,9,8,8,9,9,10,9,8,8,8,6,5,4,4,3,2,2,2,2,3,1,1,1,4,4,5,5,6,6,6,5,4,3,3,2,2,2,1,2,2,3,2,2,2,2,2,1,0,1,1,1,1,1,1,1,1,1,1,1,1,1,1,1,1,1,0,1,0,1,0,0,0,0,0,0,0,0,0,0,0,1,1,1,1,1,1,2,1,1,1,1,1,1,1,1,1,1,1,1,1,1,1,1,1,1,1,1,2,2,2,2,2,2,2,2,1,2,1,1,1,1,3,3,4,4,5,5,5,5,5,5,5,5,5,5,0,664,663,664,665,667,667,667,10,10,10,10,9,9,9,8,9,9,11,13,13,13,16,15,20,17,19,19,19,21,22,23,26,26,26,26,29,28,27,30,31,31,31,31,32,31,32,31,31,31,33,33,32,34,30,30,30,32,31,32,29,29,44,44,37,38,38,41,47,32,32,35,36,43,38,38,0
Delaware,0,0,0,0,0,0,0,0,0,0,0,0,0,0,0,0,0,0,0,0,0,0,0,0,0,0,0,0,0,0,0,0,0,0,0,0,0,0,0,0,0,0,0,0,0,0,0,0,0,0,0,0,0,0,0,0,0,0,0,0,0,0,0,0,0,0,0,0,1,1,1,1,1,1,1,1,0,1,1,2,2,3,3,3,3,4,4,4,4,4,5,6,5,5,6,7,7,7,7,8,8,8,8,8,7,7,7,7,7,6,6,7,7,8,8,9,9,10,9,9,8,7,5,5,5,4,4,4,4,5,5,5,5,4,5,4,4,4,4,5,5,4,3,4,3,3,2,1,2,2,2,1,1,11,11,10,10,10,10,10,0,0,0,0,0,0,0,0,0,1,0,0,0,0,0,0,0,0,0,0,0,1,0,1,8,8,8,8,7,7,7,1,0,0,0,1,0,0,0,0,0,0,0,0,0,0,0,0,0,0,0,0,1,1,1,1,1,1,1,0,0,0,0,0,0,0,0,0,0,0,0,0,1,1,0,0,1,1,1,0,1,1,0,1,1,1,1,1,1,1,1,1,1,0,1,1,1,1,1,1,2,1,1,1,1,1,1,1,1,1,1,1,1,1,1,2,2,2,2,2,2,2,3,4,4,0,104,104,104,103,102,102,102,1,1,1,2,2,2,2,2,2,2,1,1,1,1,2,2,2,2,2,2,3,2,2,2,2,2,2,3,3,3,3,3,3,4,3,3,3,4,5,6,6,6,7,6,5,6,5,5,5,3,3,7,5,5,5,4,5,7,3,3,3,5,6,7,6,6,6,6,0
District of Columbia,0,0,0,0,0,0,0,0,0,0,0,0,0,0,0,0,0,0,0,0,0,0,0,0,0,0,0,0,0,0,0,0,0,0,0,0,0,0,0,0,0,0,0,0,0,0,0,0,0,0,0,0,0,0,0,0,0,0,0,0,0,0,0,0,0,0,0,0,1,1,1,1,1,2,2,2,2,2,2,3,3,4,4,6,6,7,6,6,6,7,6,7,8,9,10,11,11,11,11,12,11,10,10,10,10,10,8,10,10,10,10,10,10,10,9,9,8,9,9,8,7,7,7,7,6,5,5,5,6,5,4,4,4,4,3,2,3,3,3,3,3,3,3,4,3,3,3,3,3,3,2,2,2,2,2,2,2,2,2,2,2,1,1,1,1,1,1,1,1,2,1,1,1,1,1,1,0,1,1,1,1,1,1,1,0,0,0,0,0,0,0,0,0,0,0,0,0,0,0,0,0,0,0,0,1,0,1,0,0,0,1,1,1,1,1,1,0,0,0,0,0,0,0,0,0,0,0,0,0,0,0,1,1,0,0,0,0,0,0,0,0,0,0,0,0,0,0,0,0,0,0,0,0,1,0,0,1,1,0,0,0,0,1,0,0,0,0,0,1,0,0,0,0,0,0,0,0,0,0,0,0,0,0,0,0,0,92,92,92,92,93,93,93,1,1,1,1,0,0,0,0,0,1,1,1,1,1,1,1,1,1,1,1,1,1,1,1,2,2,2,2,3,2,2,2,2,2,2,2,2,2,2,2,2,3,3,3,4,4,4,4,4,4,4,4,4,4,4,3,3,3,3,3,3,3,3,3,3,3,4,4,0
Florida,0,0,0,0,0,0,0,0,0,0,0,0,0,0,0,0,0,0,0,0,0,0,0,0,0,0,0,0,0,0,0,0,0,0,0,0,0,0,0,0,0,0,0,0,0,0,0,0,0,0,0,0,0,0,0,0,0,0,1,1,1,2,2,2,3,5,6,6,7,9,11,16,17,19,22,25,30,31,32,35,35,34,35,39,41,42,43,43,44,46,42,44,45,45,43,42,37,43,41,40,38,44,43,44,42,46,47,50,50,48,48,44,41,39,35,35,36,37,39,38,38,39,38,37,36,29,31,31,31,30,30,29,38,35,34,35,34,35,36,33,33,34,31,33,33,32,32,31,30,32,31,32,33,35,37,38,37,35,36,39,38,38,41,45,44,44,47,48,48,56,59,70,73,71,81,90,95,100,99,105,113,113,117,120,121,126,124,122,130,141,152,170,177,175,175,183,184,165,154,155,157,160,164,162,166,173,176,180,180,172,166,162,146,132,124,122,117,114,117,112,118,113,112,113,109,111,113,100,104,97,77,87,96,107,112,108,110,124,117,108,103,98,98,96,89,97,101,98,105,105,102,103,99,92,91,86,91,96,89,83,89,90,79,99,100,109,98,95,92,104,86,87,82,87,75,72,71,66,61,57,51,54,54,49,51,0,2445,2443,2437,2432,2434,2442,2445,49,51,54,58,61,55,56,54,56,61,62,63,63,67,75,73,74,63,67,73,72,73,74,74,88,90,91,96,97,99,98,102,102,100,98,103,100,106,102,98,98,100,96,96,95,98,84,94,92,89,93,96,96,96,107,110,111,111,110,115,141,130,132,140,148,154,161,161,0
Georgia,0,0,0,0,0,0,0,0,0,0,0,0,0,0,0,0,0,0,0,0,0,0,0,0,0,0,0,0,0,0,0,0,0,0,0,0,0,0,0,0,0,0,0,0,0,0,0,0,0,0,0,0,0,0,0,0,0,1,1,2,3,3,5,6,6,7,8,8,11,12,15,17,19,18,19,27,31,30,33,32,32,31,26,24,28,28,33,34,34,41,41,38,37,32,32,32,30,30,35,35,37,37,37,35,36,31,30,32,31,30,27,27,26,27,26,27,28,29,25,25,32,30,31,30,28,31,33,27,24,25,31,33,29,26,24,27,24,18,17,25,28,31,34,37,38,40,34,34,32,30,27,26,21,22,17,19,18,18,18,18,16,17,13,11,10,11,12,13,13,11,15,19,19,20,20,22,23,22,22,22,20,27,33,35,42,45,44,46,43,43,44,43,46,47,46,49,47,49,50,50,50,54,60,65,71,63,67,70,69,62,54,51,59,59,60,60,65,64,68,66,67,65,65,65,67,65,63,55,60,57,46,46,46,43,43,41,43,46,41,38,41,43,37,34,38,49,48,46,44,48,49,44,34,33,32,30,30,32,32,32,31,33,35,35,33,31,29,27,29,29,30,31,30,32,32,28,28,23,23,23,24,27,26,23,23,0,1134,1133,1194,1197,1198,1203,1204,92,95,39,42,41,43,43,40,38,35,30,32,30,32,33,28,31,31,32,33,33,32,39,35,41,44,47,46,51,47,47,43,42,39,37,34,39,40,41,38,39,39,38,39,40,40,42,42,42,41,43,44,47,43,37,37,37,40,44,41,49,69,68,70,81,88,103,114,0
Hawaii,0,0,0,0,0,0,0,0,0,0,0,0,0,0,0,0,0,0,0,0,0,0,0,0,0,0,0,0,0,0,0,0,0,0,0,0,0,0,0,0,0,0,0,0,0,0,0,0,0,0,0,0,0,0,0,0,0,0,0,0,0,0,0,0,0,0,0,0,0,0,0,0,0,0,0,0,0,0,0,0,0,0,0,0,0,0,0,0,0,0,0,0,0,0,0,0,0,0,0,0,0,0,0,0,0,0,0,0,0,0,0,0,0,0,0,0,0,0,0,0,0,0,0,0,0,0,0,0,0,0,0,0,0,0,0,0,0,0,0,0,0,0,0,0,0,0,0,0,0,0,0,0,0,0,0,0,0,0,0,0,0,0,0,0,0,0,0,0,0,0,0,0,0,0,0,0,0,0,0,0,0,0,0,0,0,0,0,0,0,0,0,0,0,0,0,0,0,0,0,0,0,1,1,1,1,1,1,1,0,0,0,0,0,1,1,1,1,1,1,1,2,2,3,3,3,3,3,3,3,2,2,2,2,2,1,2,1,1,1,1,3,3,3,3,2,2,2,1,1,1,1,2,2,2,2,3,3,3,3,3,3,3,2,1,1,1,2,2,2,2,2,2,2,2,3,3,3,3,3,3,1,1,1,1,1,0,31,32,31,31,31,31,31,0,0,0,0,0,0,0,0,0,0,0,0,1,1,1,1,1,1,2,1,1,1,1,1,1,2,3,2,2,2,3,3,1,1,1,1,1,1,1,1,1,1,1,1,1,0,0,0,0,0,0,0,0,0,0,0,0,0,2,1,2,2,2,2,2,1,2,2,0
Idaho,0,0,0,0,0,0,0,0,0,0,0,0,0,0,0,0,0,0,0,0,0,0,0,0,0,0,0,0,0,0,0,0,0,0,0,0,0,0,0,0,0,0,0,0,0,0,0,0,0,0,0,0,0,0,0,0,0,0,0,0,0,0,0,0,0,0,0,0,1,1,1,0,0,0,0,0,0,1,2,2,2,2,2,3,3,2,2,2,2,2,1,1,1,1,1,1,1,1,0,1,1,1,1,0,0,1,0,0,0,0,0,0,0,0,0,0,0,0,1,1,0,0,0,0,0,0,0,0,0,0,0,0,0,0,0,0,0,0,0,0,0,0,0,0,0,0,0,0,0,0,0,0,0,0,0,0,0,0,0,0,0,0,0,0,0,0,0,0,0,1,1,1,1,1,1,1,1,2,2,2,3,3,3,4,4,4,4,5,5,5,5,6,6,6,6,6,6,6,5,5,5,5,4,4,4,5,4,4,5,5,5,6,5,5,5,5,6,6,6,7,7,7,7,6,5,4,4,3,3,3,2,4,4,4,4,4,4,5,3,4,3,3,3,3,3,3,3,2,2,2,1,2,2,2,2,2,3,3,4,4,4,4,4,3,3,2,2,2,3,3,3,3,3,4,5,5,5,6,6,6,7,8,8,8,8,0,97,97,96,96,98,97,98,9,10,10,11,10,11,10,9,11,11,12,13,12,12,13,11,12,9,9,9,10,9,12,14,17,17,16,16,17,16,17,17,18,19,19,19,19,17,17,15,15,15,15,14,13,12,10,11,10,10,11,9,12,12,13,13,11,11,12,11,12,11,12,12,12,11,10,11,0
Illinois,0,0,0,0,0,0,0,0,0,0,0,0,0,0,0,0,0,0,0,0,0,0,0,0,0,0,0,0,0,0,0,0,0,0,0,0,0,0,0,0,0,0,0,0,0,0,0,0,0,0,0,0,0,0,0,0,0,0,0,0,1,1,2,2,3,4,6,8,10,13,17,19,25,28,30,32,39,45,52,56,62,63,70,70,70,78,76,84,82,79,85,88,87,94,87,91,90,93,92,95,94,98,98,97,101,108,111,114,112,113,115,110,119,115,116,112,110,111,111,104,98,95,95,98,93,80,81,84,81,78,77,78,86,78,78,75,75,73,97,95,91,88,90,84,81,57,53,55,49,47,50,50,49,45,42,41,36,33,33,32,30,24,24,23,21,20,19,20,22,19,18,19,21,21,20,17,17,17,16,14,14,13,15,15,16,15,14,17,17,16,16,17,16,17,15,14,16,17,18,19,19,18,18,18,19,17,16,17,19,19,18,18,19,21,20,19,19,21,20,20,18,19,19,20,19,20,22,24,23,22,18,19,19,19,20,21,22,22,23,23,20,20,19,20,21,20,21,22,22,22,22,22,24,23,25,26,27,27,28,29,31,28,28,27,26,26,28,31,34,34,35,37,39,41,38,36,41,42,41,42,41,42,44,37,43,0,1478,1479,1481,1487,1496,1499,1506,66,68,80,74,70,85,88,91,95,97,116,129,124,127,132,138,139,134,127,126,118,124,125,138,148,157,168,176,174,173,169,171,181,172,173,174,171,165,162,161,156,152,153,155,152,139,135,128,132,135,132,138,145,117,141,140,134,137,132,137,161,142,139,135,132,125,112,109,0
Indiana,0,0,0,0,0,0,0,0,0,0,0,0,0,0,0,0,0,0,0,0,0,0,0,0,0,0,0,0,0,0,0,0,0,0,0,0,0,0,0,0,0,0,0,0,0,0,0,0,0,0,0,0,0,0,0,0,0,0,0,0,1,1,2,2,3,3,4,4,4,6,8,10,12,14,15,18,21,23,28,33,36,36,34,35,37,37,35,34,35,36,39,36,36,36,37,39,38,37,43,43,46,47,45,47,47,44,42,38,37,37,39,36,34,33,34,35,34,32,35,35,38,35,31,32,31,25,23,22,24,23,22,22,27,25,23,21,23,24,24,20,21,21,19,17,17,16,15,17,15,17,17,16,17,17,14,13,11,11,11,10,10,10,10,12,10,10,10,11,11,11,9,9,9,9,8,7,8,7,9,8,9,10,11,12,11,10,11,11,11,9,9,11,10,10,10,10,10,9,8,9,9,9,10,11,13,12,13,13,13,13,13,12,13,12,12,12,10,11,10,9,9,10,10,10,9,9,10,11,10,10,9,10,11,10,10,10,10,11,10,9,10,9,9,10,8,8,10,10,10,10,11,13,14,13,12,13,13,12,14,13,13,15,16,16,16,15,15,17,18,19,21,23,26,26,28,29,28,27,26,26,29,27,27,30,33,0,651,653,652,655,654,656,661,39,41,42,43,45,42,40,38,42,46,47,49,51,56,56,58,59,59,55,59,54,55,61,67,67,75,77,79,80,78,76,81,78,78,80,79,79,85,82,84,82,85,85,87,77,78,72,66,62,64,67,73,76,85,87,90,89,87,83,80,74,79,72,71,63,60,54,50,0
Iowa,0,0,0,0,0,0,0,0,0,0,0,0,0,0,0,0,0,0,0,0,0,0,0,0,0,0,0,0,0,0,0,0,0,0,0,0,0,0,0,0,0,0,0,0,0,0,0,0,0,0,0,0,0,0,0,0,0,0,0,0,0,0,0,0,0,0,0,0,0,0,1,1,1,1,2,2,2,2,2,2,3,2,2,2,3,4,4,5,4,5,5,5,5,6,5,6,6,7,8,9,9,9,9,8,10,10,9,10,11,11,11,11,12,12,13,13,12,12,11,13,13,15,14,15,15,16,13,13,12,12,11,14,12,11,11,10,10,9,9,9,9,7,7,7,6,5,5,5,5,4,4,4,3,2,2,3,3,2,2,3,3,3,2,2,2,2,1,2,3,3,3,3,4,4,3,5,5,5,6,5,6,7,5,5,5,5,5,5,4,5,6,6,6,7,6,7,6,6,6,7,7,7,8,7,7,8,7,6,7,8,8,7,8,8,8,8,8,9,10,11,11,10,10,9,8,6,7,7,7,7,8,10,10,8,7,7,9,7,6,7,6,6,6,7,8,7,6,6,7,7,5,6,8,9,9,9,10,10,10,8,9,11,11,10,11,11,12,11,10,9,10,9,12,12,14,15,15,14,15,14,13,12,12,11,14,0,258,260,261,261,263,263,263,16,16,18,19,20,20,20,21,23,25,25,26,29,30,28,29,30,31,28,26,28,29,25,29,36,43,43,45,42,66,71,73,75,75,70,78,60,48,47,36,46,54,45,45,44,41,41,30,22,22,22,22,21,22,28,28,35,26,34,24,32,25,27,21,31,24,26,19,0
Kansas,0,0,0,0,0,0,0,0,0,0,0,0,0,0,0,0,0,0,0,0,0,0,0,0,0,0,0,0,0,0,0,0,0,0,0,0,0,0,0,0,0,0,0,0,0,0,0,0,0,0,0,0,0,0,0,0,0,0,0,0,0,0,0,0,0,0,0,0,1,1,1,1,2,2,2,2,2,3,4,4,4,4,5,5,5,5,4,4,5,5,5,5,4,4,4,3,3,2,3,3,2,3,3,4,4,4,4,4,4,4,2,2,2,2,2,2,2,2,2,2,2,1,1,1,1,1,1,1,1,1,1,2,3,2,3,3,3,3,2,1,2,1,1,1,1,1,1,1,1,1,1,2,2,2,2,1,1,1,2,2,2,2,2,2,2,2,1,2,1,1,1,1,1,1,1,2,2,2,2,1,2,2,2,2,2,3,3,2,3,3,4,4,3,3,4,3,3,2,3,3,2,3,3,3,3,3,3,3,3,3,3,2,3,3,3,3,2,3,3,2,2,2,2,3,1,4,4,4,4,4,4,5,3,5,7,7,8,9,12,12,10,9,8,8,9,6,6,5,5,5,5,4,7,6,9,9,8,9,8,6,9,9,10,10,9,11,16,13,13,13,12,14,16,16,16,16,16,16,14,11,7,8,7,7,7,0,156,153,158,155,167,166,166,19,18,18,18,12,12,12,12,12,15,15,22,22,22,28,27,25,25,17,16,17,14,14,25,25,36,36,36,42,42,37,37,40,40,40,36,36,44,44,38,38,38,48,48,36,36,23,23,23,14,14,33,33,53,53,53,49,49,40,40,38,38,38,51,51,46,46,50,0
Kentucky,0,0,0,0,0,0,0,0,0,0,0,0,0,0,0,0,0,0,0,0,0,0,0,0,0,0,0,0,0,0,0,0,0,0,0,0,0,0,0,0,0,0,0,0,0,0,0,0,0,0,0,0,0,0,0,0,0,0,0,0,0,0,0,0,0,0,0,0,1,2,2,4,3,4,5,5,6,7,7,8,7,7,7,7,7,6,7,7,7,7,8,8,9,9,9,8,8,8,7,6,6,6,6,7,6,7,8,8,8,8,8,7,6,5,5,4,4,4,5,6,7,7,7,7,7,5,5,4,5,6,6,6,6,5,6,6,5,5,6,6,5,6,7,6,6,5,5,5,3,2,2,2,3,4,3,4,4,4,4,5,4,5,5,4,4,4,5,6,5,5,5,5,5,5,5,4,5,5,5,6,5,4,4,4,4,4,3,4,5,6,6,5,5,5,5,4,3,4,4,4,4,4,4,5,5,5,5,6,6,7,8,9,9,10,9,10,8,8,8,8,7,7,8,9,11,12,11,11,11,10,8,7,7,8,9,9,9,10,8,7,6,5,5,5,5,6,5,6,6,7,7,8,6,8,7,7,7,7,7,7,6,7,7,7,7,9,9,9,9,10,11,11,12,14,14,16,15,14,14,12,12,12,11,11,11,0,232,231,231,231,232,234,234,12,13,13,13,15,14,14,13,16,18,20,19,21,20,22,21,22,20,21,20,21,22,22,21,28,29,30,30,30,33,33,28,28,29,29,28,24,24,26,28,27,30,32,34,35,29,23,26,25,24,23,24,25,24,25,24,28,27,27,29,34,30,30,25,27,27,30,28,0
Louisiana,0,0,0,0,0,0,0,0,0,0,0,0,0,0,0,0,0,0,0,0,0,0,0,0,0,0,0,0,0,0,0,0,0,0,0,0,0,0,0,0,0,0,0,0,0,0,0,0,0,0,0,0,0,0,0,0,1,1,1,2,2,4,5,8,10,15,17,19,21,27,30,32,35,39,46,46,48,53,56,55,56,51,53,61,64,64,65,65,65,63,56,61,63,63,62,61,58,56,44,43,44,41,40,46,44,46,43,36,39,39,34,33,30,29,31,30,29,36,33,32,30,31,29,28,18,17,16,15,13,14,14,15,19,21,20,20,20,20,20,17,14,14,12,11,11,10,12,13,11,12,14,13,14,13,12,13,15,12,13,11,12,12,13,12,12,12,13,14,14,14,14,17,18,18,18,17,18,18,15,18,21,23,29,28,29,29,31,30,29,30,34,33,33,34,34,34,30,31,36,36,36,37,37,37,36,31,31,34,34,34,35,33,36,36,34,34,34,34,33,31,31,26,26,26,21,21,18,18,23,22,19,19,20,23,23,20,21,22,22,21,19,19,18,17,15,16,16,14,14,14,15,14,14,13,14,14,16,15,14,13,12,12,12,11,11,12,13,14,13,13,13,13,13,13,13,13,13,12,12,14,14,15,14,14,12,0,855,855,856,857,860,859,862,16,15,11,14,15,15,13,13,14,18,14,16,16,18,20,23,23,21,22,22,21,19,18,21,24,22,22,25,26,28,26,28,31,31,33,34,34,35,34,32,32,32,37,37,41,44,39,39,35,32,34,31,30,30,30,35,35,34,33,34,49,49,48,47,48,48,50,35,0
Maine,0,0,0,0,0,0,0,0,0,0,0,0,0,0,0,0,0,0,0,0,0,0,0,0,0,0,0,0,0,0,0,0,0,0,0,0,0,0,0,0,0,0,0,0,0,0,0,0,0,0,0,0,0,0,0,0,0,0,0,0,0,0,0,0,0,0,0,0,0,0,1,1,1,1,1,1,1,1,1,1,1,1,1,1,1,1,1,1,2,2,2,2,2,2,2,2,2,2,1,1,1,0,1,0,1,1,1,1,1,1,1,0,0,1,0,0,0,0,1,1,0,0,1,1,1,0,1,1,1,1,1,1,2,2,1,1,1,1,1,0,0,0,0,0,0,0,0,0,0,0,0,0,0,0,0,0,0,0,0,0,0,0,0,0,0,0,0,0,0,0,0,0,0,0,0,0,0,0,0,0,0,0,0,0,0,0,0,0,0,0,0,0,0,0,0,0,0,0,0,0,0,0,0,0,0,0,0,0,0,0,0,0,0,0,0,0,0,0,0,0,0,0,0,0,0,0,0,0,0,0,0,0,0,0,0,0,0,0,0,0,0,0,0,0,0,0,0,0,0,0,0,0,0,0,0,0,0,0,0,0,0,0,0,0,0,0,0,0,0,0,0,0,0,0,0,0,0,0,0,0,0,0,0,0,0,0,21,21,21,21,21,21,21,0,1,1,1,1,1,1,1,1,1,1,1,1,1,1,3,2,2,2,2,2,2,3,4,4,4,5,5,4,3,4,3,3,4,4,4,3,3,4,4,5,5,4,5,6,5,5,3,4,4,4,3,4,4,5,5,4,5,5,5,11,10,10,11,11,11,10,7,0
Maryland,0,0,0,0,0,0,0,0,0,0,0,0,0,0,0,0,0,0,0,0,0,0,0,0,0,0,0,0,0,0,0,0,0,0,0,0,0,0,0,0,0,0,0,0,0,0,0,0,0,0,0,0,0,0,0,0,0,0,0,0,0,0,0,0,0,0,1,1,1,2,4,4,5,6,8,11,12,13,14,18,21,24,24,28,41,45,46,46,44,45,50,40,41,43,48,51,51,52,54,55,56,53,53,53,53,52,52,52,51,51,52,52,52,51,50,49,49,48,46,44,41,42,40,40,39,36,38,38,37,38,36,35,37,35,34,33,33,31,32,30,29,29,28,26,27,24,24,21,20,18,18,18,18,15,16,16,16,15,14,14,14,13,11,11,11,10,10,10,10,10,11,10,10,11,9,9,8,8,8,8,8,9,9,8,9,9,9,9,8,10,11,10,10,10,10,10,8,9,10,10,10,9,10,10,9,9,8,7,7,6,7,7,6,7,7,7,8,8,7,8,8,8,8,7,7,8,7,7,6,7,6,7,6,5,5,5,5,6,5,5,5,5,5,6,6,6,6,6,7,8,7,7,6,5,4,4,3,3,3,3,4,5,5,5,6,6,7,7,6,5,5,5,5,5,6,6,7,8,8,8,8,8,8,8,8,0,599,599,599,599,599,600,601,9,10,11,11,11,13,12,12,14,14,15,17,17,18,19,20,23,25,24,26,27,27,27,28,31,31,31,31,32,34,35,35,39,40,38,39,41,44,43,42,44,47,47,44,42,44,43,38,37,38,40,40,38,40,41,40,41,39,40,39,39,39,39,39,40,38,39,39,0
Massachusetts,0,0,0,0,0,0,0,0,0,0,0,0,0,0,0,0,0,0,0,0,0,0,0,0,0,0,0,0,0,0,0,0,0,0,0,0,0,0,0,0,0,0,0,0,0,0,0,0,0,0,0,0,0,0,0,0,0,0,0,0,0,1,1,2,3,4,6,6,6,11,15,18,22,24,26,29,38,44,49,58,67,75,83,85,96,106,115,124,135,137,143,153,159,164,167,170,170,170,174,171,165,159,157,155,151,145,141,140,142,139,145,132,127,132,127,123,116,107,113,107,95,90,85,82,79,76,68,70,70,66,67,88,87,86,80,73,74,67,45,46,43,41,43,41,44,41,36,39,39,37,35,33,32,32,29,27,30,30,29,31,23,20,24,19,18,17,14,22,23,19,21,19,20,18,18,17,16,15,15,15,14,15,14,14,13,13,14,14,14,16,15,15,16,15,16,15,11,13,14,13,13,13,13,15,14,14,15,14,14,13,15,14,13,13,11,15,16,15,17,17,16,18,15,14,10,9,10,11,10,10,11,12,12,11,11,12,12,12,14,13,12,14,14,14,14,14,14,14,13,13,14,13,15,16,16,16,15,16,16,14,12,12,11,13,12,13,12,15,17,19,19,19,18,19,19,18,16,18,18,18,20,20,20,21,21,0,1449,1446,1446,1446,1449,1449,1452,22,23,22,22,20,21,23,22,22,26,27,29,27,26,27,27,28,24,23,26,30,31,32,31,38,39,39,40,41,42,48,47,49,50,49,50,52,49,49,50,50,52,53,51,53,57,50,50,56,57,59,64,65,65,70,71,73,73,71,69,80,81,77,76,77,74,74,74,0
Michigan,0,0,0,0,0,0,0,0,0,0,0,0,0,0,0,0,0,0,0,0,0,0,0,0,0,0,0,0,0,0,0,0,0,0,0,0,0,0,0,0,0,0,0,0,0,0,0,0,0,0,0,0,0,0,0,0,0,0,0,0,1,2,3,6,8,12,15,17,25,34,41,50,55,61,69,75,83,89,94,114,122,124,125,131,137,145,135,130,128,123,133,127,126,122,138,132,134,124,122,115,111,106,105,104,87,82,79,75,72,71,64,70,66,63,61,50,48,47,49,49,48,47,49,48,46,35,39,34,35,34,37,40,42,35,33,64,61,58,55,54,54,54,20,17,17,15,13,11,11,11,10,10,10,10,11,10,9,9,9,9,12,12,11,11,9,8,8,8,9,8,9,13,13,14,10,9,10,10,7,7,7,7,8,6,6,5,4,4,5,5,7,7,8,8,9,6,7,8,10,8,8,8,8,8,6,5,9,10,9,10,11,11,10,10,9,10,11,10,10,11,12,12,13,11,13,12,12,8,8,8,6,15,14,14,14,14,15,17,7,8,7,8,8,8,9,9,9,10,10,10,10,10,10,11,11,11,11,12,12,12,13,13,13,13,12,13,14,15,16,14,14,19,18,21,23,23,28,28,26,28,26,26,25,25,25,0,1118,1121,1118,1124,1126,1134,1134,41,48,50,50,61,61,62,61,59,62,75,66,71,70,71,83,84,64,82,83,83,89,94,95,123,108,121,121,121,123,122,123,121,124,124,123,124,126,128,128,125,125,123,120,117,87,77,87,87,85,89,86,86,86,88,88,91,91,92,121,127,119,119,114,98,95,91,90,0
Minnesota,0,0,0,0,0,0,0,0,0,0,0,0,0,0,0,0,0,0,0,0,0,0,0,0,0,0,0,0,0,0,0,0,0,0,0,0,0,0,0,0,0,0,0,0,0,0,0,0,0,0,0,0,0,0,0,0,0,0,0,0,0,0,0,0,0,0,0,1,1,1,2,2,2,2,2,2,3,3,4,5,5,5,5,6,6,6,7,8,9,10,11,13,15,15,17,19,20,20,20,20,21,21,21,20,22,23,23,23,23,22,23,22,21,23,22,21,21,21,20,21,20,22,21,21,21,21,22,22,22,25,24,24,24,22,21,21,20,21,21,20,24,22,20,19,18,18,16,12,13,12,12,11,11,11,10,9,7,6,6,7,7,7,7,8,7,6,5,5,5,4,4,4,4,4,4,5,5,5,5,5,6,5,4,5,4,4,4,4,4,5,4,4,5,5,5,5,5,6,5,6,6,6,6,7,7,8,8,7,8,8,8,8,8,8,8,8,8,8,9,8,8,7,7,6,5,4,5,5,6,6,6,5,6,7,7,8,8,9,9,8,7,8,6,6,7,7,6,6,5,6,6,5,7,8,9,10,10,9,9,9,8,8,8,8,8,9,11,13,13,12,13,13,13,14,14,14,15,16,16,17,15,16,17,18,18,0,378,377,377,378,380,382,387,27,28,32,34,35,35,35,34,35,36,41,44,46,48,49,51,52,42,47,46,48,47,45,45,58,52,57,58,58,58,59,59,63,62,65,65,65,66,65,61,60,58,58,59,56,56,46,46,42,41,42,41,39,39,38,40,40,37,39,36,43,42,40,39,38,35,35,32,0
Mississippi,0,0,0,0,0,0,0,0,0,0,0,0,0,0,0,0,0,0,0,0,0,0,0,0,0,0,0,0,0,0,0,0,0,0,0,0,0,0,0,0,0,0,0,0,0,0,0,0,0,0,0,0,0,0,0,0,0,0,0,0,0,0,0,0,0,1,1,1,2,2,2,2,3,3,4,5,5,6,7,7,8,7,6,7,7,7,8,8,9,10,10,10,10,9,9,9,8,8,8,8,10,10,10,11,14,17,19,18,18,18,17,16,13,12,12,12,13,13,13,15,14,14,15,14,15,14,14,16,16,15,15,14,16,16,14,13,12,11,14,11,12,10,11,11,10,8,9,10,10,8,7,7,11,10,10,10,11,13,13,11,12,10,10,11,10,10,7,12,15,16,16,17,19,19,16,14,14,16,16,15,15,16,19,18,18,19,20,20,22,20,25,28,30,29,30,30,34,30,26,25,27,28,27,26,26,27,29,26,26,26,24,25,24,22,22,21,26,30,29,28,27,28,32,25,21,19,20,20,20,16,13,13,17,16,16,16,17,21,19,17,17,17,16,14,16,16,13,14,14,15,15,15,14,15,15,14,13,13,10,11,13,11,12,12,12,12,12,11,11,10,10,10,12,11,11,11,12,12,13,11,11,11,12,11,13,0,487,490,490,489,490,490,491,13,13,14,15,14,15,14,14,14,14,15,17,16,19,18,21,20,20,18,17,18,18,15,15,16,21,24,22,22,25,27,29,29,33,34,34,33,36,33,32,30,30,29,34,34,33,29,25,28,31,32,30,33,36,39,37,35,36,38,39,40,43,42,43,44,43,42,44,0
Missouri,0,0,0,0,0,0,0,0,0,0,0,0,0,0,0,0,0,0,0,0,0,0,0,0,0,0,0,0,0,0,0,0,0,0,0,0,0,0,0,0,0,0,0,0,0,0,0,0,0,0,0,0,0,0,0,0,0,0,0,0,0,0,0,1,1,0,1,1,1,1,1,2,3,4,5,6,9,9,9,9,10,9,11,10,11,10,11,11,11,9,10,10,11,11,12,12,13,14,13,13,12,13,13,13,12,14,15,18,17,17,17,17,17,16,14,14,14,13,14,13,15,14,13,12,12,9,8,6,8,13,13,13,14,13,13,10,5,5,6,8,8,9,9,9,9,9,7,9,12,12,12,12,12,12,11,6,6,6,6,6,6,6,7,5,5,5,6,6,5,5,6,7,7,8,7,7,7,6,6,6,5,5,7,9,10,9,10,11,12,10,10,12,12,11,10,9,9,8,9,10,10,11,10,10,9,7,7,7,10,10,11,13,12,12,11,9,10,10,10,12,13,13,12,14,14,13,14,16,17,16,13,12,13,12,10,10,10,12,12,13,15,14,12,17,20,27,27,26,30,31,28,24,17,18,18,14,14,13,15,25,25,36,37,37,36,33,37,24,12,23,23,25,24,16,29,30,29,29,29,34,32,34,35,33,33,0,468,469,468,467,459,462,462,20,34,35,34,33,32,32,34,25,25,25,31,31,32,30,45,45,44,38,38,38,40,37,39,48,61,66,66,67,66,65,59,47,48,48,47,52,57,58,66,68,71,72,73,77,75,66,58,56,53,41,36,37,39,38,38,39,51,45,50,52,57,55,56,53,53,50,49,0
Montana,0,0,0,0,0,0,0,0,0,0,0,0,0,0,0,0,0,0,0,0,0,0,0,0,0,0,0,0,0,0,0,0,0,0,0,0,0,0,0,0,0,0,0,0,0,0,0,0,0,0,0,0,0,0,0,0,0,0,0,0,0,0,0,0,0,0,0,0,0,0,0,0,0,0,0,0,0,0,0,0,0,0,0,0,0,0,0,0,0,0,0,1,1,0,0,0,0,0,0,0,0,0,0,0,0,0,0,0,0,0,0,0,0,0,0,0,0,0,0,0,0,0,0,0,0,0,0,0,0,0,0,0,0,0,0,0,0,0,0,0,0,0,0,0,0,0,0,0,0,0,0,0,0,0,0,0,0,0,0,0,0,0,0,0,0,0,0,0,0,0,0,0,0,1,1,1,1,1,1,1,1,0,1,1,1,1,1,1,1,1,1,2,2,2,2,1,1,1,1,2,2,1,1,2,2,1,1,1,1,1,0,1,1,1,1,1,1,2,1,1,2,2,1,1,1,1,2,1,1,2,2,1,1,2,2,2,3,3,2,2,2,3,3,3,3,3,3,3,2,2,2,2,2,2,2,2,2,2,2,1,2,2,3,3,3,3,4,4,4,4,4,4,5,7,7,6,7,8,8,8,7,8,12,11,11,0,65,64,63,59,60,63,65,10,9,10,9,9,10,9,9,11,13,13,13,12,11,12,11,12,12,11,9,9,9,10,8,9,10,9,9,8,9,8,9,11,11,11,10,9,9,9,7,6,6,9,10,11,9,9,7,8,6,5,4,6,6,7,6,6,9,9,11,12,11,12,11,8,7,5,5,0
Nebraska,0,0,0,0,0,0,0,0,0,0,0,0,0,0,0,0,0,0,0,0,0,0,0,0,0,0,0,0,0,0,0,0,0,0,0,0,0,0,0,0,0,0,0,0,0,0,0,0,0,0,0,0,0,0,0,0,0,0,0,0,0,0,0,0,0,0,0,0,0,0,0,0,0,0,0,1,1,1,1,1,1,1,1,1,1,1,0,1,1,2,2,2,3,3,3,3,3,2,3,3,3,3,3,3,3,2,3,2,2,2,3,3,3,3,4,4,4,4,4,5,4,3,3,3,3,3,3,3,4,3,3,4,3,3,3,2,2,2,1,1,2,3,4,3,3,4,5,4,3,4,4,4,4,3,3,3,3,3,2,2,2,2,2,2,2,2,1,1,1,1,1,1,1,1,1,1,1,2,1,1,2,2,1,1,2,2,2,1,1,2,2,2,2,2,1,1,1,2,2,2,2,2,2,2,2,1,1,1,1,1,2,2,2,2,3,3,2,2,2,2,2,2,2,2,2,2,1,2,2,1,1,3,4,5,4,4,5,4,3,2,1,1,1,2,3,3,3,3,3,4,3,2,2,2,2,2,2,3,2,3,3,3,3,3,2,3,2,4,4,4,4,5,6,7,6,5,6,6,5,6,6,7,7,7,7,0,99,98,98,98,101,101,101,7,11,9,12,12,11,11,13,12,13,13,18,19,20,21,22,23,20,13,12,12,11,15,18,23,26,26,27,29,28,24,24,23,26,25,26,23,22,17,18,15,16,14,12,17,16,13,12,11,12,12,7,12,15,15,16,14,14,14,27,14,15,15,15,16,16,0,13,0
Nevada,0,0,0,0,0,0,0,0,0,0,0,0,0,0,0,0,0,0,0,0,0,0,0,0,0,0,0,0,0,0,0,0,0,0,0,0,0,0,0,0,0,0,0,0,0,0,0,0,0,0,0,0,0,0,0,0,0,0,0,0,0,0,0,1,1,1,1,1,2,2,3,4,4,4,4,5,4,6,6,6,9,9,8,10,8,8,9,6,6,7,4,7,7,7,7,6,8,8,7,6,7,7,8,6,7,7,7,6,7,6,6,6,6,6,6,6,6,7,7,6,6,6,6,6,4,3,3,4,4,3,3,3,3,3,2,3,2,2,3,3,2,4,3,3,3,3,3,3,2,2,3,3,3,3,3,2,2,2,1,2,2,2,4,4,4,5,4,6,6,7,7,8,8,8,9,9,7,8,7,7,7,9,12,11,12,12,12,12,11,11,13,15,14,14,15,14,15,13,12,16,18,16,17,15,18,17,17,16,16,17,19,20,20,18,17,17,18,16,14,14,15,15,15,11,12,13,12,12,12,12,11,10,9,9,9,8,8,12,11,11,12,10,11,10,8,8,8,6,7,7,7,6,6,5,5,5,5,5,5,5,6,6,5,5,6,6,7,7,7,7,6,6,7,5,5,4,5,5,5,4,4,4,5,4,5,0,258,260,261,261,264,264,264,9,8,8,7,7,8,8,9,11,10,11,13,15,15,15,15,18,19,16,15,16,17,18,21,23,24,26,25,25,26,24,27,30,31,32,33,34,37,33,34,32,34,34,31,32,35,30,28,25,24,29,28,30,29,29,32,33,30,31,30,37,42,39,42,43,42,45,42,0
New Hampshire,0,0,0,0,0,0,0,0,0,0,0,0,0,0,0,0,0,0,0,0,0,0,0,0,0,0,0,0,0,0,0,0,0,0,0,0,0,0,0,0,0,0,0,0,0,0,0,0,0,0,0,0,0,0,0,0,0,0,0,0,0,0,0,0,0,0,0,0,0,0,0,0,0,1,0,0,1,2,2,2,2,2,2,2,2,1,2,2,2,2,2,2,2,2,3,2,2,2,2,3,4,3,3,3,4,6,6,5,6,6,6,7,5,5,5,5,5,5,5,5,6,6,5,5,5,4,4,4,4,4,5,5,6,6,5,5,5,5,5,5,5,5,5,5,4,4,4,4,3,3,3,2,2,2,2,3,4,4,4,4,4,3,2,1,1,2,2,1,1,1,2,1,1,1,1,1,1,0,0,1,1,1,1,1,1,1,1,1,1,1,1,1,1,1,1,1,1,0,0,0,0,0,0,0,0,0,0,0,0,0,1,0,0,0,0,0,0,0,0,0,0,0,0,0,0,0,0,0,0,0,0,0,0,0,0,0,0,0,0,0,0,0,0,0,0,0,0,0,0,0,0,0,0,0,0,0,0,0,1,1,1,1,1,1,1,1,1,2,2,1,1,1,1,1,1,0,1,0,1,1,1,1,1,1,1,0,70,69,69,69,69,69,69,0,0,1,1,1,1,1,1,1,1,1,1,1,1,1,1,1,1,1,2,2,2,2,3,4,5,5,5,5,5,4,5,5,5,5,5,5,7,6,6,7,7,7,7,7,8,7,7,7,8,11,9,9,9,9,10,9,8,10,9,12,13,12,12,12,9,10,8,0
New Jersey,0,0,0,0,0,0,0,0,0,0,0,0,0,0,0,0,0,0,0,0,0,0,0,0,0,0,0,0,0,0,0,0,0,0,0,0,0,0,0,0,0,0,0,0,0,0,0,0,0,0,0,0,0,0,0,0,0,1,1,2,2,3,5,8,10,13,17,20,24,31,41,65,77,101,108,115,137,164,165,183,190,204,205,224,236,259,272,269,264,276,278,272,264,253,256,248,238,241,243,265,274,268,276,266,257,254,224,202,196,197,200,180,164,163,169,161,157,160,154,149,128,121,118,111,101,86,84,79,78,79,80,82,82,77,81,74,67,68,70,76,71,67,62,69,64,66,60,56,51,49,38,35,31,31,32,296,297,298,300,299,298,297,33,35,34,33,33,35,49,48,45,48,44,47,43,30,31,29,24,25,22,22,10,9,11,11,11,12,12,13,11,7,7,7,6,4,6,5,5,5,5,4,4,6,6,6,5,5,5,5,5,5,5,4,4,4,4,-1,-1,-1,-1,-1,0,0,7,7,6,7,7,6,6,6,6,6,6,6,6,6,6,6,5,5,5,5,4,4,4,5,5,5,5,5,5,5,4,4,4,4,4,4,4,4,5,5,5,5,5,5,5,4,5,5,6,7,9,10,11,10,11,11,11,9,9,9,9,0,2343,2343,2344,2345,2345,2346,2347,11,12,12,13,15,17,19,20,22,25,27,27,28,27,27,28,33,33,32,31,31,31,37,37,40,44,48,49,49,49,56,57,58,60,61,62,63,65,67,66,63,63,64,64,66,66,67,62,62,61,64,69,71,80,82,82,84,86,81,86,85,95,96,98,93,91,86,80,0
New Mexico,0,0,0,0,0,0,0,0,0,0,0,0,0,0,0,0,0,0,0,0,0,0,0,0,0,0,0,0,0,0,0,0,0,0,0,0,0,0,0,0,0,0,0,0,0,0,0,0,0,0,0,0,0,0,0,0,0,0,0,0,0,0,0,0,0,0,0,0,0,0,0,0,1,1,1,1,1,1,1,1,1,2,2,3,2,3,4,4,4,3,4,5,4,4,5,6,6,6,5,6,6,6,7,7,7,8,7,7,7,7,7,8,8,10,10,9,9,8,8,7,7,7,7,7,7,7,6,5,6,6,5,6,6,6,6,6,5,5,5,5,5,5,5,5,5,5,6,6,5,5,5,4,4,4,4,4,3,3,3,3,3,2,2,3,3,3,3,3,3,4,4,4,4,4,4,4,4,3,3,3,4,5,4,4,5,5,6,5,5,5,5,5,6,5,5,4,5,4,4,4,4,5,5,4,4,4,4,4,4,4,4,5,5,4,4,4,3,3,4,4,3,3,4,5,5,3,3,4,4,4,2,3,3,3,3,2,2,3,2,2,3,3,3,4,3,3,3,3,3,3,3,3,2,3,3,2,3,3,2,2,2,2,2,2,3,3,3,3,3,3,3,2,3,4,4,4,5,4,5,5,5,5,6,7,8,0,154,154,155,157,156,157,159,13,14,14,13,15,14,13,15,17,18,18,18,20,24,23,23,23,23,25,25,22,23,22,25,29,28,30,29,26,28,27,24,26,25,29,31,31,32,36,34,34,30,28,28,27,24,25,23,25,29,28,27,29,27,31,29,27,27,29,29,29,28,28,27,28,23,22,23,0
New York,0,0,0,0,0,0,0,0,0,0,0,0,0,0,0,0,0,0,0,0,0,0,0,0,0,0,0,0,0,0,0,0,0,0,0,0,0,0,0,0,0,0,0,0,0,0,0,0,0,0,0,0,0,0,1,2,4,5,9,13,19,24,35,49,66,82,120,148,189,237,290,351,438,514,593,662,750,817,886,920,946,968,978,973,971,929,901,854,811,773,719,672,649,612,597,573,550,533,520,486,440,387,396,360,321,381,370,359,364,317,316,322,213,201,199,195,195,185,165,156,149,149,135,125,119,114,114,110,104,101,93,89,86,82,81,75,73,69,67,66,65,60,63,63,60,58,53,49,48,43,39,39,41,41,39,37,37,38,36,29,115,112,112,108,107,108,109,22,22,23,24,22,19,23,22,24,22,20,21,22,18,18,16,19,18,18,16,17,16,16,13,13,13,13,13,12,12,-4,-5,-6,-6,-7,-7,-6,10,10,9,10,10,10,9,7,7,7,8,7,7,6,8,8,8,7,7,8,8,8,8,8,7,8,8,7,7,6,6,6,5,6,7,7,9,7,8,7,5,4,3,3,4,5,6,7,9,10,11,11,13,12,13,13,13,11,11,9,9,9,9,10,11,12,13,13,13,12,12,13,12,12,11,13,14,15,15,14,16,0,4752,4752,4752,4754,4755,4755,4759,22,25,25,25,26,27,27,28,29,29,32,34,37,37,37,38,40,44,44,44,47,49,53,56,55,57,62,64,69,71,73,76,82,83,92,93,100,103,109,113,117,117,122,125,133,136,137,139,140,138,136,136,136,142,140,143,149,151,153,160,159,169,172,176,181,182,187,193,0
North Carolina,0,0,0,0,0,0,0,0,0,0,0,0,0,0,0,0,0,0,0,0,0,0,0,0,0,0,0,0,0,0,0,0,0,0,0,0,0,0,0,0,0,0,0,0,0,0,0,0,0,0,0,0,0,0,0,0,0,0,0,0,0,0,0,0,0,0,0,0,0,1,1,2,2,3,4,5,5,7,8,7,8,7,7,9,9,9,11,12,13,13,14,16,16,15,18,18,20,19,17,18,19,17,18,17,17,18,19,18,18,17,16,17,16,15,17,16,16,16,16,15,14,13,13,13,13,11,15,17,19,20,20,20,23,20,19,16,16,16,16,17,17,17,18,16,16,16,16,14,13,13,14,15,13,13,13,13,13,13,13,13,12,13,13,13,11,10,11,12,11,12,12,15,16,17,19,18,18,19,19,18,18,17,18,19,18,21,20,19,20,22,25,25,26,27,28,27,27,27,30,27,28,26,28,28,27,26,26,25,26,26,26,26,25,25,26,26,26,24,22,22,23,23,23,23,24,25,27,29,28,26,24,26,26,26,22,22,24,27,26,27,26,26,27,27,26,24,24,27,28,27,26,27,31,31,28,27,27,26,25,21,20,20,19,19,20,22,23,22,24,24,24,24,24,25,30,28,30,31,33,31,30,28,30,32,31,0,654,658,661,660,659,661,661,32,29,26,22,20,22,28,29,28,29,34,37,36,33,33,33,35,29,32,30,31,31,29,32,39,37,42,42,43,45,42,42,40,40,39,43,40,46,52,54,55,57,55,59,55,42,35,50,47,45,41,51,55,57,51,53,57,64,52,64,80,76,92,90,86,92,89,87,0
North Dakota,0,0,0,0,0,0,0,0,0,0,0,0,0,0,0,0,0,0,0,0,0,0,0,0,0,0,0,0,0,0,0,0,0,0,0,0,0,0,0,0,0,0,0,0,0,0,0,0,0,0,0,0,0,0,0,0,0,0,0,0,0,0,0,0,0,0,0,0,0,0,0,0,0,0,0,0,0,0,0,0,0,0,0,0,0,0,0,0,0,0,0,0,0,0,1,1,0,0,0,0,1,1,1,0,0,1,1,1,1,1,1,1,1,1,1,1,1,1,1,1,1,1,1,1,1,1,1,1,1,1,1,1,2,1,1,1,1,1,1,1,1,1,0,0,0,0,0,0,0,0,0,0,0,1,1,0,0,0,0,0,0,0,0,0,0,0,0,0,0,0,0,0,0,0,0,0,0,0,0,0,0,0,1,1,1,1,1,0,0,0,0,0,0,0,0,1,0,0,1,1,1,1,1,1,1,1,1,1,1,1,1,1,1,2,1,1,1,1,1,1,0,0,0,1,1,1,1,2,2,1,1,1,1,1,1,1,1,2,2,3,2,3,3,3,3,3,4,5,5,5,5,6,6,6,6,6,6,6,6,8,7,8,9,9,10,11,8,8,9,9,9,9,7,8,8,7,7,7,7,9,9,9,10,10,10,0,85,86,86,88,89,90,92,14,16,16,14,13,14,14,14,13,14,14,15,15,14,14,16,14,14,12,11,11,11,10,11,11,12,13,13,13,14,15,18,20,20,19,19,16,17,14,13,11,11,10,9,6,8,5,4,5,5,5,5,4,6,6,6,6,7,7,7,6,6,6,5,3,3,3,5,0
Ohio,0,0,0,0,0,0,0,0,0,0,0,0,0,0,0,0,0,0,0,0,0,0,0,0,0,0,0,0,0,0,0,0,0,0,0,0,0,0,0,0,0,0,0,0,0,0,0,0,0,0,0,0,0,0,0,0,0,0,0,0,0,0,1,1,2,3,3,3,4,6,7,9,9,11,12,14,16,18,18,20,20,19,18,22,24,25,26,29,31,33,33,35,38,38,37,36,34,34,46,45,44,44,44,43,48,41,42,43,44,43,43,43,36,37,39,39,40,42,40,42,43,41,49,49,47,40,37,37,37,27,26,31,36,36,34,32,31,31,28,23,22,21,21,26,25,24,25,22,20,22,20,20,18,19,20,19,17,15,15,16,18,17,18,16,14,14,15,15,16,14,18,18,21,19,14,12,13,11,13,16,17,21,22,21,26,23,19,22,23,26,26,27,31,31,27,26,24,25,23,21,20,19,19,19,19,18,22,22,22,23,24,24,24,21,21,22,17,19,21,21,21,21,21,24,18,21,20,18,18,19,19,21,18,22,22,22,20,29,33,32,29,28,28,29,18,18,19,18,18,18,17,21,16,14,24,26,26,26,23,23,23,12,10,10,10,10,9,7,8,10,9,10,9,16,17,18,19,19,20,22,15,16,15,13,13,0,772,774,779,781,785,786,788,26,24,27,28,29,29,29,31,32,29,33,36,38,39,39,49,63,54,55,56,57,58,61,56,68,76,81,80,84,79,73,77,77,75,76,75,78,84,85,77,79,79,81,85,83,80,69,63,66,64,67,70,72,72,77,81,81,75,73,71,83,83,78,79,79,73,75,73,0
Oklahoma,0,0,0,0,0,0,0,0,0,0,0,0,0,0,0,0,0,0,0,0,0,0,0,0,0,0,0,0,0,0,0,0,0,0,0,0,0,0,0,0,0,0,0,0,0,0,0,0,0,0,0,0,0,0,0,0,0,0,0,0,0,0,0,0,0,1,2,2,2,2,3,3,4,3,4,4,6,7,6,7,7,7,6,6,6,7,6,6,6,6,7,6,6,7,7,7,7,6,6,6,6,6,6,5,5,5,5,5,4,4,5,4,3,3,2,2,2,2,2,3,2,3,3,3,3,3,3,3,3,3,3,3,3,2,2,2,1,2,2,2,2,1,2,1,1,1,1,1,1,1,1,1,1,1,1,1,1,2,2,2,2,2,2,3,2,1,2,2,2,2,2,3,3,3,3,3,4,4,4,4,4,4,6,5,5,6,6,6,6,7,8,8,7,7,8,8,8,8,8,7,7,7,7,6,6,6,7,8,8,9,10,10,10,9,9,9,8,9,9,10,10,10,10,9,8,8,8,7,7,7,6,6,5,6,7,7,7,8,8,7,7,6,5,6,7,6,7,7,8,8,8,8,8,7,7,6,6,6,6,6,7,6,6,6,7,7,8,8,9,10,10,9,10,11,11,11,11,11,11,11,10,12,13,13,13,0,203,204,204,204,205,205,205,12,10,11,9,9,11,12,13,13,14,15,15,15,15,15,17,15,13,14,13,14,13,13,18,22,22,22,22,24,23,19,20,21,24,24,23,23,26,23,22,21,21,20,22,22,26,23,24,22,23,23,24,23,23,24,25,24,23,25,26,30,30,30,31,33,30,30,31,0
Oregon,0,0,0,0,0,0,0,0,0,0,0,0,0,0,0,0,0,0,0,0,0,0,0,0,0,0,0,0,0,0,0,0,0,0,0,0,0,0,0,0,0,0,0,0,0,0,0,0,0,0,0,0,0,0,0,0,0,0,0,0,0,0,0,1,1,1,1,1,1,1,1,1,1,1,2,1,2,2,3,3,3,3,3,3,2,2,3,3,3,3,3,2,2,2,2,2,2,3,3,2,2,3,2,2,2,2,2,2,2,2,3,2,2,2,1,1,1,1,1,1,1,1,1,1,1,1,0,0,0,0,0,0,1,1,1,1,1,1,1,1,1,1,1,1,1,2,1,2,2,2,1,2,1,1,1,1,2,2,2,2,2,2,1,1,1,2,1,2,2,3,2,2,2,3,3,3,2,3,3,3,3,3,3,3,4,3,4,3,4,5,5,5,6,5,6,4,4,3,3,4,4,4,5,5,6,5,4,4,4,3,4,3,4,4,4,5,5,4,4,5,5,5,5,4,5,4,3,3,2,2,3,3,3,2,3,3,3,3,3,2,3,3,2,3,2,2,2,3,3,3,2,2,3,3,3,3,3,3,3,3,5,4,4,3,3,3,3,2,2,3,3,4,4,4,4,4,4,4,3,4,5,3,3,5,5,0,102,102,103,103,102,104,104,6,5,5,5,6,4,4,4,5,6,8,8,8,8,8,9,11,10,10,11,12,12,12,13,12,16,18,18,18,20,21,21,20,18,17,17,18,22,22,22,26,26,26,24,20,19,17,13,13,12,10,9,9,10,10,10,11,13,13,13,12,14,13,15,17,20,22,24,0
Pennsylvania,0,0,0,0,0,0,0,0,0,0,0,0,0,0,0,0,0,0,0,0,0,0,0,0,0,0,0,0,0,0,0,0,0,0,0,0,0,0,0,0,0,0,0,0,0,0,0,0,0,0,0,0,0,0,0,0,0,0,0,0,0,0,1,1,2,3,4,5,6,9,9,10,11,15,17,17,24,33,36,47,53,52,56,72,74,85,84,90,108,114,124,126,111,108,98,83,82,67,96,122,126,136,138,133,159,138,145,150,142,139,138,102,106,99,101,99,97,102,107,98,84,85,90,91,85,71,70,72,62,59,58,59,70,64,66,69,64,63,61,57,57,46,39,39,39,42,38,33,32,31,29,28,24,24,27,26,25,26,26,26,26,19,22,23,20,20,19,20,22,19,19,21,21,22,19,21,20,18,17,17,17,17,16,14,15,14,13,14,14,13,15,14,14,14,14,14,13,13,14,14,14,14,15,19,19,21,21,22,22,22,20,18,16,16,15,15,15,14,13,13,13,14,14,14,14,14,14,13,13,16,14,12,12,13,11,11,12,11,11,12,13,16,19,20,22,24,24,21,21,18,14,13,11,12,13,13,15,17,17,18,19,19,21,19,20,20,19,17,19,16,18,16,19,21,23,24,26,25,25,24,22,24,23,23,22,0,1288,1289,1289,1291,1293,1298,1299,29,32,35,37,36,37,41,43,39,46,53,63,72,73,76,83,88,89,78,67,72,72,85,91,105,127,142,140,141,139,148,151,158,165,174,176,191,194,196,195,197,193,193,187,181,188,175,149,153,156,163,178,180,193,193,183,182,170,177,171,168,201,208,209,215,214,218,221,0
Rhode Island,0,0,0,0,0,0,0,0,0,0,0,0,0,0,0,0,0,0,0,0,0,0,0,0,0,0,0,0,0,0,0,0,0,0,0,0,0,0,0,0,0,0,0,0,0,0,0,0,0,0,0,0,0,0,0,0,0,0,0,0,0,0,0,0,0,0,0,0,0,1,1,1,2,2,3,3,3,3,4,5,5,5,6,7,7,8,9,11,12,11,13,13,12,12,11,10,11,9,10,11,11,11,13,15,16,17,17,17,17,14,12,12,13,11,11,10,11,10,12,10,12,14,15,15,14,14,16,17,16,16,15,16,14,12,11,11,8,7,11,10,10,9,8,8,8,7,8,9,8,8,8,8,7,5,5,5,4,4,4,6,6,6,5,4,4,4,2,2,2,2,2,2,2,3,2,2,2,2,2,2,1,1,1,1,1,1,1,1,1,1,0,0,0,0,0,0,0,1,1,1,1,0,0,0,0,1,1,1,1,1,1,1,1,1,1,1,2,2,2,2,2,2,1,1,1,1,1,1,1,1,1,1,1,2,2,2,2,2,2,2,2,2,2,3,3,3,3,2,2,2,1,2,1,1,1,1,1,1,1,1,1,1,1,1,1,2,3,3,3,3,3,4,3,3,3,3,3,3,3,3,3,3,3,3,3,0,174,174,174,174,174,174,174,3,3,4,4,4,4,4,5,5,5,5,5,5,5,5,6,7,6,7,7,7,9,7,8,9,9,9,9,10,12,13,14,13,13,13,15,14,15,14,16,16,16,16,15,16,14,11,11,11,10,11,10,10,10,10,10,16,15,16,19,19,19,19,13,14,13,12,12,0
South Carolina,0,0,0,0,0,0,0,0,0,0,0,0,0,0,0,0,0,0,0,0,0,0,0,0,0,0,0,0,0,0,0,0,0,0,0,0,0,0,0,0,0,0,0,0,0,0,0,0,0,0,0,0,0,0,0,0,0,0,0,0,0,0,1,1,1,1,1,1,1,2,2,3,3,3,4,4,4,5,5,5,5,5,5,6,6,6,6,5,5,5,5,4,5,5,6,7,7,8,13,13,14,14,14,15,14,10,10,9,9,8,9,8,8,7,8,7,7,6,6,6,6,5,6,7,7,6,8,7,9,8,8,8,7,7,7,7,8,7,8,9,8,9,7,7,7,6,5,6,4,6,6,7,8,9,9,10,7,9,9,8,9,11,13,14,14,14,15,15,16,17,19,19,20,20,21,16,23,23,26,27,27,32,41,37,41,47,48,48,49,47,47,46,40,40,41,40,39,39,35,36,36,36,35,35,34,34,36,34,34,35,30,30,36,33,33,31,26,30,32,28,29,29,29,32,31,25,27,25,25,26,22,21,24,26,23,25,24,26,27,26,21,21,19,19,20,18,17,17,19,18,17,16,16,17,16,17,18,17,16,17,16,17,15,14,14,15,13,13,12,12,14,14,17,16,21,23,22,21,23,20,24,19,17,20,19,0,577,575,576,576,572,573,576,13,13,13,13,13,13,10,14,13,15,16,18,23,24,20,22,19,16,16,10,10,13,13,18,21,21,24,30,28,25,24,23,25,24,24,24,24,26,30,28,30,28,30,31,32,28,24,32,31,30,31,31,36,36,37,44,44,42,47,52,57,53,48,48,51,47,39,48,0
South Dakota,0,0,0,0,0,0,0,0,0,0,0,0,0,0,0,0,0,0,0,0,0,0,0,0,0,0,0,0,0,0,0,0,0,0,0,0,0,0,0,0,0,0,0,0,0,0,0,0,0,0,0,0,0,0,0,0,0,0,0,0,0,0,0,0,0,0,0,0,0,0,0,0,0,0,0,0,0,0,0,0,0,0,0,0,0,0,0,0,0,0,0,0,0,0,0,0,0,0,0,1,1,1,1,1,1,2,2,1,1,1,1,2,1,1,1,1,1,1,1,1,0,0,0,0,0,0,1,1,1,1,1,1,1,1,1,0,0,0,0,0,1,1,1,1,1,1,1,1,0,1,0,0,0,0,0,1,1,1,1,1,1,1,1,1,0,0,0,1,0,0,1,1,1,1,1,1,2,1,1,1,1,1,1,0,0,0,0,0,0,1,1,1,1,1,1,1,1,1,2,1,1,1,1,1,1,0,0,1,1,1,1,1,1,1,1,1,1,1,0,0,1,0,0,0,1,1,0,0,0,0,0,0,1,1,1,1,1,1,2,2,3,2,2,2,2,1,2,2,2,2,2,3,3,3,3,4,4,4,3,5,5,5,5,5,5,5,4,4,4,4,5,5,6,6,6,7,7,7,7,6,7,8,8,8,8,0,71,71,70,72,74,74,76,14,13,15,12,8,14,15,15,14,15,19,24,22,25,25,25,25,20,21,23,17,18,18,20,26,25,21,23,23,23,21,20,20,21,21,21,21,21,17,17,15,14,17,17,12,18,14,13,12,9,9,10,8,8,7,9,9,9,7,8,9,9,10,10,10,12,10,10,0
Tennessee,0,0,0,0,0,0,0,0,0,0,0,0,0,0,0,0,0,0,0,0,0,0,0,0,0,0,0,0,0,0,0,0,0,0,0,0,0,0,0,0,0,0,0,0,0,0,0,0,0,0,0,0,0,0,0,0,0,0,0,0,0,0,0,0,0,0,0,0,1,1,2,4,4,5,6,7,8,8,9,9,8,8,7,7,7,6,6,5,6,6,5,4,4,3,4,4,4,4,3,4,4,4,4,4,5,5,5,5,4,4,4,5,4,6,6,7,7,6,5,5,4,3,4,5,5,5,6,5,5,5,4,3,5,4,7,7,7,7,8,7,7,5,8,7,7,8,8,8,9,6,7,7,6,6,7,7,8,8,8,8,8,7,7,8,7,8,8,8,10,12,12,14,13,13,14,13,12,13,14,14,14,15,15,18,17,17,17,18,17,18,15,17,14,15,16,16,17,21,20,20,21,20,22,20,18,17,18,20,21,21,23,24,30,30,28,29,27,26,25,21,22,25,21,21,20,20,19,19,17,16,17,20,24,26,28,30,32,32,31,25,24,21,20,19,19,17,20,21,22,22,21,22,25,26,23,26,28,29,28,26,29,30,27,26,25,24,26,22,20,20,20,21,22,20,21,28,27,31,33,36,37,35,37,36,31,0,499,504,505,498,501,508,508,32,31,40,39,43,40,42,43,44,39,47,48,46,51,52,53,58,55,45,46,40,41,37,31,37,49,51,55,58,66,68,65,64,70,74,75,72,71,85,89,87,85,84,92,100,83,67,61,63,64,63,61,68,68,75,73,82,79,80,82,100,103,107,99,105,108,104,97,0
Texas,0,0,0,0,0,0,0,0,0,0,0,0,0,0,0,0,0,0,0,0,0,0,0,0,0,0,0,0,0,0,0,0,0,0,0,0,0,0,0,0,0,0,0,0,0,0,0,0,0,0,0,0,0,0,0,0,0,0,0,0,1,0,1,1,2,2,3,4,5,6,7,8,10,13,14,16,17,18,21,21,20,21,23,26,28,28,30,31,30,29,26,25,24,23,25,24,25,26,29,32,32,30,30,30,31,29,26,29,30,31,31,30,31,34,34,34,35,32,33,34,32,28,27,25,24,21,22,19,21,22,21,22,25,24,25,25,23,23,23,22,21,21,20,21,21,23,24,26,27,29,28,28,27,27,27,26,27,30,30,31,33,32,34,35,35,36,42,47,59,67,74,80,82,83,90,93,101,108,109,112,121,124,133,138,141,147,151,304,314,330,324,342,353,347,200,204,188,201,201,201,209,195,194,213,211,216,213,216,213,212,199,195,184,181,180,180,173,167,170,161,154,149,147,141,139,134,128,132,133,132,121,114,87,109,103,102,103,115,116,130,108,105,100,100,94,93,96,85,95,96,98,96,92,90,95,92,91,88,89,92,90,92,82,82,79,77,75,72,71,71,70,70,68,66,56,60,68,71,73,73,72,87,86,78,77,0,2721,2721,2725,2729,2736,2745,2750,96,100,96,100,113,116,122,122,122,132,140,136,138,139,141,151,152,145,127,120,116,117,123,126,133,161,180,183,184,176,186,188,188,184,187,189,193,193,195,200,205,206,226,223,220,220,204,174,166,154,162,171,182,198,206,206,205,207,208,212,239,276,292,291,295,302,310,300,0
Utah,0,0,0,0,0,0,0,0,0,0,0,0,0,0,0,0,0,0,0,0,0,0,0,0,0,0,0,0,0,0,0,0,0,0,0,0,0,0,0,0,0,0,0,0,0,0,0,0,0,0,0,0,0,0,0,0,0,0,0,0,0,0,0,0,0,0,0,0,0,0,0,0,0,0,0,1,1,0,0,1,1,1,0,0,1,1,0,1,1,1,1,2,2,2,2,2,1,1,1,1,1,1,1,1,1,2,2,2,2,2,2,2,2,2,2,1,1,1,2,2,2,2,2,2,2,1,2,2,2,2,2,2,1,1,1,1,1,1,1,2,1,2,2,2,2,2,2,3,3,2,2,2,2,2,2,1,1,1,1,1,1,1,1,2,2,2,3,3,4,4,3,4,4,3,4,4,4,4,4,4,4,4,4,5,5,5,5,5,5,5,4,4,4,5,4,4,4,4,4,3,3,4,3,3,3,3,4,3,2,3,3,3,3,3,3,3,3,3,2,3,3,3,2,1,1,1,1,1,2,2,2,2,2,1,1,1,1,1,1,0,0,0,0,0,1,1,1,1,1,1,1,2,2,2,3,4,3,4,4,5,6,4,5,5,5,5,4,3,4,4,3,3,4,4,4,4,3,4,4,3,4,5,4,5,6,0,92,92,91,92,94,94,94,6,7,7,8,7,7,8,9,8,9,9,10,11,10,10,10,13,10,10,10,10,10,11,10,12,11,10,10,11,11,12,14,14,14,16,16,15,15,15,16,15,14,14,13,13,11,9,9,8,8,9,9,9,9,11,12,12,10,10,13,15,14,13,13,15,16,14,13,0
Vermont,0,0,0,0,0,0,0,0,0,0,0,0,0,0,0,0,0,0,0,0,0,0,0,0,0,0,0,0,0,0,0,0,0,0,0,0,0,0,0,0,0,0,0,0,0,0,0,0,0,0,0,0,0,0,0,0,0,0,0,0,0,0,1,1,1,1,1,1,1,0,1,1,1,1,1,1,1,1,0,1,0,0,0,0,0,1,1,1,1,1,1,1,1,1,1,1,1,1,1,0,0,0,1,0,0,0,0,0,0,0,0,0,0,0,0,0,0,0,0,0,0,0,0,0,0,0,0,0,0,0,0,0,0,0,0,0,0,0,0,0,0,0,0,0,0,0,0,0,0,0,0,0,0,0,0,0,0,0,0,0,0,0,0,0,0,0,0,0,0,0,0,0,0,0,0,0,0,0,0,0,0,0,0,0,0,0,0,0,0,0,0,0,0,0,0,0,0,0,0,0,0,0,0,0,0,0,0,0,0,0,0,0,0,0,0,0,0,0,0,0,0,0,0,0,0,0,0,0,0,0,0,0,0,0,0,0,0,0,0,0,0,0,0,0,0,0,0,0,0,0,0,0,0,0,0,0,0,0,0,0,0,0,0,0,0,0,0,0,0,0,0,0,0,0,0,0,0,0,0,0,0,0,0,0,0,0,8,8,8,8,8,8,8,0,0,0,0,0,0,0,0,0,0,0,0,0,0,0,0,0,0,0,0,0,0,1,1,1,1,1,1,1,1,1,2,2,2,2,2,2,2,2,2,1,2,2,1,1,2,1,1,2,2,2,2,2,2,2,1,2,2,2,2,2,2,2,1,1,0,1,1,0
Virginia,0,0,0,0,0,0,0,0,0,0,0,0,0,0,0,0,0,0,0,0,0,0,0,0,0,0,0,0,0,0,0,0,0,0,0,0,0,0,0,0,0,0,0,0,0,0,0,0,0,0,0,0,0,0,0,0,0,0,0,0,0,0,0,1,1,1,2,2,2,2,1,0,4,5,4,4,6,6,13,10,11,12,13,12,19,14,16,18,19,21,24,22,23,25,25,24,22,23,24,25,24,25,30,32,31,27,31,33,30,25,23,25,30,26,23,25,24,23,21,21,20,22,22,23,27,27,29,34,31,30,29,26,24,21,15,13,12,13,12,12,12,10,11,11,10,10,10,9,9,9,9,9,9,10,11,12,14,16,17,17,16,17,20,20,17,17,16,16,17,17,16,16,16,16,13,12,10,7,9,8,9,10,8,6,7,7,7,7,6,10,12,15,20,20,19,21,21,22,20,15,15,15,14,11,9,7,8,7,8,7,8,9,9,8,12,12,14,15,14,16,17,14,15,16,18,17,16,15,15,14,10,8,8,7,6,6,8,21,26,30,34,38,41,39,31,29,27,26,22,20,21,18,17,16,16,18,16,14,14,13,14,13,12,12,12,11,11,8,9,9,10,13,16,19,19,18,22,20,17,16,14,16,14,10,10,0,530,529,528,528,526,529,529,7,8,9,10,14,13,13,13,15,17,19,18,19,19,19,20,21,19,18,16,17,17,16,15,16,16,20,20,20,23,24,26,30,30,30,29,30,32,31,32,33,34,34,33,36,34,31,28,29,29,30,32,34,37,39,38,38,38,34,34,33,37,37,37,40,46,50,49,0
Washington,0,0,0,0,0,0,0,0,0,0,0,0,0,0,0,0,0,0,0,0,0,0,0,0,0,0,0,0,0,0,0,0,0,0,0,0,0,0,0,0,0,0,1,1,1,1,2,2,2,2,3,3,4,3,3,4,5,6,6,7,7,8,9,8,11,13,14,16,15,14,17,17,16,17,19,23,26,25,26,27,25,23,20,20,20,18,18,18,18,19,18,17,18,17,16,17,15,15,15,15,14,12,11,10,10,10,11,12,13,14,15,15,13,12,13,12,11,9,10,9,9,7,6,7,8,7,8,8,8,9,8,8,6,5,4,5,5,5,5,6,5,6,6,7,8,7,7,6,6,7,7,7,7,7,9,7,6,6,5,6,6,6,6,6,6,7,7,7,7,9,10,10,11,9,11,13,11,10,11,10,11,9,6,8,13,11,11,12,14,15,14,9,12,12,10,10,8,9,12,10,13,13,11,12,15,11,13,12,12,15,17,14,16,14,12,12,9,8,7,7,6,6,7,8,8,8,7,7,7,5,3,5,5,5,5,5,7,8,6,7,7,7,7,6,8,8,7,9,9,9,8,7,6,7,6,6,6,7,6,7,7,7,7,7,5,7,6,7,7,7,7,9,9,9,8,8,8,8,10,8,10,10,10,10,10,0,359,360,361,363,364,364,364,13,12,9,11,11,12,12,12,13,15,14,14,14,14,16,17,17,15,12,12,12,17,17,22,30,33,33,33,26,25,23,5,5,-3,-2,0,3,-1,13,10,18,17,14,13,15,14,14,16,16,16,31,34,36,36,34,34,36,25,27,28,35,35,36,33,36,32,32,29,0
West Virginia,0,0,0,0,0,0,0,0,0,0,0,0,0,0,0,0,0,0,0,0,0,0,0,0,0,0,0,0,0,0,0,0,0,0,0,0,0,0,0,0,0,0,0,0,0,0,0,0,0,0,0,0,0,0,0,0,0,0,0,0,0,0,0,0,0,0,0,0,0,0,0,0,0,0,0,0,0,0,0,0,0,0,0,0,1,1,1,1,1,2,2,2,2,2,2,2,1,1,1,1,2,2,2,1,1,1,1,0,0,0,1,1,1,1,1,1,1,1,1,1,1,1,1,0,0,0,0,0,0,0,0,0,0,0,0,1,1,1,1,0,1,1,0,0,0,0,0,0,0,0,0,0,0,0,0,0,0,0,0,0,0,0,0,0,0,0,0,0,0,0,0,0,0,0,0,0,0,0,0,0,0,0,0,0,0,0,0,0,1,1,1,1,1,2,1,1,1,1,1,2,3,3,3,4,4,4,4,3,2,2,1,1,1,2,2,2,3,3,4,4,5,5,5,5,5,5,5,4,4,4,4,3,2,2,3,2,4,4,5,5,4,6,6,5,5,4,4,4,3,3,3,4,4,4,3,3,3,3,2,2,2,3,3,3,3,3,3,3,2,2,2,2,3,3,3,3,3,3,3,3,3,3,4,5,4,0,69,70,69,69,69,71,71,10,11,11,10,11,10,11,7,7,8,9,10,12,11,11,12,11,12,10,8,9,9,10,11,11,12,15,15,15,16,17,18,19,19,18,19,20,19,21,21,22,22,21,22,22,22,22,18,18,19,16,17,15,16,17,17,19,22,23,25,27,28,29,28,27,27,26,25,0
Wisconsin,0,0,0,0,0,0,0,0,0,0,0,0,0,0,0,0,0,0,0,0,0,0,0,0,0,0,0,0,0,0,0,0,0,0,0,0,0,0,0,0,0,0,0,0,0,0,0,0,0,0,0,0,0,0,0,0,0,0,0,0,0,0,0,1,1,1,1,1,2,2,3,3,4,6,8,9,9,10,11,11,11,10,10,11,11,11,10,10,11,10,10,9,8,8,7,7,7,8,8,8,9,9,9,8,7,7,8,8,9,8,9,9,8,8,8,7,7,7,7,8,7,7,7,8,7,7,8,9,10,11,12,11,13,11,11,9,8,7,7,7,8,9,9,7,7,7,6,5,4,5,7,7,6,6,7,7,5,5,5,5,5,3,3,4,2,2,2,3,3,2,3,3,3,3,2,2,2,2,3,3,3,4,5,6,6,6,6,7,6,6,5,8,7,7,7,7,8,8,8,7,7,7,6,6,5,4,5,5,5,6,7,6,6,6,6,6,6,5,6,6,5,5,5,5,5,4,5,6,6,6,5,6,6,6,5,6,6,7,6,5,5,4,4,4,4,4,5,5,6,5,5,7,9,11,11,13,13,14,14,12,11,12,12,12,13,15,17,18,19,16,15,19,19,22,23,26,30,32,28,33,35,39,36,41,42,0,333,333,334,335,336,340,342,43,45,46,50,50,51,51,50,54,53,56,58,58,57,57,59,60,58,48,45,47,47,47,50,50,57,66,65,67,61,62,62,60,55,55,54,50,50,50,51,56,57,56,67,65,65,56,44,42,44,39,34,31,32,32,31,29,30,35,34,39,44,43,43,37,33,34,34,0
Wyoming,0,0,0,0,0,0,0,0,0,0,0,0,0,0,0,0,0,0,0,0,0,0,0,0,0,0,0,0,0,0,0,0,0,0,0,0,0,0,0,0,0,0,0,0,0,0,0,0,0,0,0,0,0,0,0,0,0,0,0,0,0,0,0,0,0,0,0,0,0,0,0,0,0,0,0,0,0,0,0,0,0,0,0,0,0,0,0,0,0,0,0,0,0,0,0,0,0,0,0,0,0,0,0,0,0,0,0,0,0,0,0,0,0,0,0,0,0,0,0,0,0,0,0,0,0,0,0,0,0,0,0,0,0,0,0,0,0,0,0,0,0,0,0,0,0,0,0,0,0,0,0,0,0,0,0,0,0,0,0,0,0,0,0,0,0,0,0,0,0,0,0,0,0,0,0,0,0,0,0,0,0,0,0,0,0,0,0,0,0,0,0,0,0,0,0,0,0,0,0,0,0,0,0,0,0,0,0,0,0,0,0,0,1,1,1,0,0,0,0,0,0,0,0,0,0,0,0,0,0,0,0,0,0,0,0,0,0,0,0,1,1,1,1,0,0,0,0,0,0,0,0,0,0,0,0,0,0,0,0,0,0,0,0,0,0,0,0,0,0,0,0,0,0,0,1,1,1,1,2,2,2,2,2,2,2,0,13,14,15,15,15,15,16,3,4,3,3,3,5,4,4,4,4,7,7,4,4,8,6,8,5,5,5,5,1,4,2,6,6,6,6,9,7,9,6,9,9,9,5,6,4,7,4,4,4,4,6,6,3,3,3,3,7,4,4,9,9,9,9,4,8,8,7,7,7,7,7,8,8,4,4,0
American Samoa,0,0,0,0,0,0,0,0,0,0,0,0,0,0,0,0,0,0,0,0,0,0,0,0,0,0,0,0,0,0,0,0,0,0,0,0,0,0,0,0,0,0,0,0,0,0,0,0,0,0,0,0,0,0,0,0,0,0,0,0,0,0,0,0,0,0,0,0,0,0,0,0,0,0,0,0,0,0,0,0,0,0,0,0,0,0,0,0,0,0,0,0,0,0,0,0,0,0,0,0,0,0,0,0,0,0,0,0,0,0,0,0,0,0,0,0,0,0,0,0,0,0,0,0,0,0,0,0,0,0,0,0,0,0,0,0,0,0,0,0,0,0,0,0,0,0,0,0,0,0,0,0,0,0,0,0,0,0,0,0,0,0,0,0,0,0,0,0,0,0,0,0,0,0,0,0,0,0,0,0,0,0,0,0,0,0,0,0,0,0,0,0,0,0,0,0,0,0,0,0,0,0,0,0,0,0,0,0,0,0,0,0,0,0,0,0,0,0,0,0,0,0,0,0,0,0,0,0,0,0,0,0,0,0,0,0,0,0,0,0,0,0,0,0,0,0,0,0,0,0,0,0,0,0,0,0,0,0,0,0,0,0,0,0,0,0,0,0,0,0,0,0,0,0,0,0,0,0,0,0,0,0,0,0,0,0,0,0,0,0,0,0,0,0,0,0,0,0,0,0,0,0,0,0,0,0,0,0,0,0,0,0,0,0,0,0,0,0,0,0,0,0,0,0,0,0,0,0,0,0,0,0,0,0,0,0,0,0,0,0,0,0,0,0,0,0,0,0,0,0,0,0,0,0,0,0,0,0,0,0,0,0
Guam,0,0,0,0,0,0,0,0,0,0,0,0,0,0,0,0,0,0,0,0,0,0,0,0,0,0,0,0,0,0,0,0,0,0,0,0,0,0,0,0,0,0,0,0,0,0,0,0,0,0,0,0,0,0,0,0,0,0,0,0,0,0,0,0,0,0,0,0,0,0,0,0,0,0,0,0,0,0,0,0,0,0,0,0,0,0,0,0,0,0,0,0,0,0,0,0,0,0,0,0,0,0,0,0,0,0,0,0,0,0,0,0,0,0,0,0,0,0,0,0,0,0,0,0,0,0,0,0,0,0,0,0,0,0,0,0,0,0,0,0,0,0,0,0,0,0,0,0,0,0,0,0,0,0,0,0,0,0,0,0,0,0,0,0,0,0,0,0,0,0,0,0,0,0,0,0,0,0,0,0,0,0,0,0,0,0,0,0,0,0,0,0,0,0,0,0,0,0,0,0,0,0,0,0,0,0,0,0,0,0,0,0,0,0,0,0,0,0,0,0,0,0,0,0,0,0,0,0,0,1,0,1,1,1,1,1,1,1,1,1,1,1,1,1,1,1,1,0,0,0,0,1,1,1,1,1,1,2,1,1,1,1,1,1,0,0,0,0,0,0,0,0,0,1,1,0,1,1,1,1,1,1,1,1,1,0,12,12,12,12,12,12,12,1,1,1,1,0,0,0,1,1,1,1,1,1,2,1,1,1,1,1,1,0,0,0,0,0,0,0,0,0,0,0,0,0,0,0,0,0,0,0,0,0,0,0,0,0,0,0,0,0,0,0,0,0,0,0,0,0,0,0,0,0,0,0,0,0,0,0,0,0
Northern Mariana Islands,0,0,0,0,0,0,0,0,0,0,0,0,0,0,0,0,0,0,0,0,0,0,0,0,0,0,0,0,0,0,0,0,0,0,0,0,0,0,0,0,0,0,0,0,0,0,0,0,0,0,0,0,0,0,0,0,0,0,0,0,0,0,0,0,0,0,0,0,0,0,0,0,0,0,0,0,0,0,0,0,0,0,0,0,0,0,0,0,0,0,0,0,0,0,0,0,0,0,0,0,0,0,0,0,0,0,0,0,0,0,0,0,0,0,0,0,0,0,0,0,0,0,0,0,0,0,0,0,0,0,0,0,0,0,0,0,0,0,0,0,0,0,0,0,0,0,0,0,0,0,0,0,0,0,0,0,0,0,0,0,0,0,0,0,0,0,0,0,0,0,0,0,0,0,0,0,0,0,0,0,0,0,0,0,0,0,0,0,0,0,0,0,0,0,0,0,0,0,0,0,0,0,0,0,0,0,0,0,0,0,0,0,0,0,0,0,0,0,0,0,0,0,0,0,0,0,0,0,0,0,0,0,0,0,0,0,0,0,0,0,0,0,0,0,0,0,0,0,0,0,0,0,0,0,0,0,0,0,0,0,0,0,0,0,0,0,0,0,0,0,0,0,0,0,0,0,0,0,0,0,0,0,0,0,0,0,0,0,0,0,0,0,0,0,0,0,0,0,0,0,0,0,0,0,0,0,0,0,0,0,0,0,0,0,0,0,0,0,0,0,0,0,0,0,0,0,0,0,0,0,0,0,0,0,0,0,0,0,0,0,0,0,0,0,0,0,0,0,0,0,0,0,0,0,0,0,0,0,0,0,0,0
Puerto Rico,0,0,0,0,0,0,0,0,0,0,0,0,0,0,0,0,0,0,0,0,0,0,0,0,0,0,0,0,0,0,0,0,0,0,0,0,0,0,0,0,0,0,0,0,0,0,0,0,0,0,0,0,0,0,0,0,0,0,0,0,0,0,0,0,0,0,0,0,0,0,1,1,1,2,2,2,2,1,3,3,3,3,3,3,3,3,2,2,0,0,0,0,1,2,3,6,6,6,5,3,2,1,1,1,1,1,1,1,1,2,2,2,2,2,2,2,1,1,1,1,1,0,0,0,0,0,0,0,0,0,1,1,1,1,1,1,1,0,0,0,0,0,0,0,0,0,0,0,0,0,0,0,0,0,0,0,0,0,0,0,0,0,0,0,0,0,0,0,0,0,0,1,1,1,1,1,1,2,1,1,1,1,2,2,2,3,3,3,4,3,3,4,3,4,4,4,5,6,6,7,7,7,7,7,6,7,7,8,8,8,8,8,8,7,7,7,7,6,6,7,6,6,6,5,5,5,4,5,6,6,6,8,9,9,10,8,9,9,10,10,10,10,9,9,8,6,5,5,5,5,5,5,6,5,5,5,6,6,6,6,7,6,6,6,5,6,5,4,5,4,5,4,4,4,5,4,4,5,5,5,5,4,4,4,4,0,123,123,124,123,124,123,124,6,6,7,7,7,8,9,8,8,10,10,11,13,11,12,12,11,12,12,10,11,10,12,13,12,13,14,13,13,11,10,11,11,11,11,11,12,13,12,12,10,13,14,13,13,14,14,12,11,10,9,10,11,12,13,14,14,14,12,12,10,12,12,12,11,12,13,14,0
Virgin Islands,0,0,0,0,0,0,0,0,0,0,0,0,0,0,0,0,0,0,0,0,0,0,0,0,0,0,0,0,0,0,0,0,0,0,0,0,0,0,0,0,0,0,0,0,0,0,0,0,0,0,0,0,0,0,0,0,0,0,0,0,0,0,0,0,0,0,0,0,0,0,0,0,0,0,0,0,0,0,0,0,0,0,0,0,0,0,0,0,0,0,0,0,0,0,0,0,0,0,0,0,0,0,0,0,0,0,0,0,0,0,0,0,0,0,0,0,0,0,0,0,0,0,0,0,0,0,0,0,0,0,0,0,0,0,0,0,0,0,0,0,0,0,0,0,0,0,0,0,0,0,0,0,0,0,0,0,0,0,0,0,0,0,0,0,0,0,0,0,0,0,0,0,0,0,0,0,0,0,0,0,0,0,0,0,0,0,0,0,0,0,0,0,0,0,0,0,0,0,0,0,0,0,0,0,0,0,0,0,0,0,0,0,0,0,0,0,0,0,0,0,0,0,0,0,0,0,0,0,0,0,0,0,0,0,0,0,0,0,0,0,0,0,0,0,0,0,0,0,0,0,0,0,0,0,0,0,0,0,0,0,0,0,0,0,0,0,0,0,0,0,0,0,0,0,0,0,0,0,0,0,0,0,0,0,0,0,3,3,3,3,3,3,3,0,0,0,0,0,0,0,0,0,0,0,0,0,0,0,0,0,0,0,0,0,0,0,0,0,0,0,0,0,0,0,0,0,0,0,0,0,0,0,0,0,0,0,0,0,0,0,0,0,0,0,0,0,0,0,0,0,0,0,0,0,0,0,0,0,0,0,0,0
